 LIMA.01.166906|0001||||MINORISTAS|Bodega|||010101|5|08-NO DEFINIDO|Activo||
 LIMA.01.166906|0002||||MINORISTAS|Bodega|||010101|5|08-NO DEFINIDO|Activo||
 LIMA.01.166906|0003||||MINORISTAS|Bodega|||010101|5|08-NO DEFINIDO|Activo||
 LIMA.01.166906|0004||||MINORISTAS|Bodega|||010101|5|08-NO DEFINIDO|Activo||
 LIMA.01.166906|0005||||MINORISTAS|Bodega|||010101|5|08-NO DEFINIDO|Activo||
 LIMA.01.166906|0006||||MINORISTAS|Bodega|||010101|16|08-NO DEFINIDO|Activo||
 LIMA.01.166906|0007||||MINORISTAS|Bodega|||010101|16|08-NO DEFINIDO|Activo||
 LIMA.01.166906|0008||||MINORISTAS|Bodega|||010101|16|08-NO DEFINIDO|Activo||
 LIMA.01.166906|0009||||MINORISTAS|Bodega|||010101|16|08-NO DEFINIDO|Activo||
 LIMA.01.166906|0010||||MINORISTAS|Bodega|||010101|16|08-NO DEFINIDO|Activo||
 LIMA.01.166906|0011||||MINORISTAS|Bodega|||010101|16|08-NO DEFINIDO|Activo||
 LIMA.01.166906|0012||||MINORISTAS|Bodega|||010101|16|08-NO DEFINIDO|Activo||
 LIMA.01.166906|0013||||MINORISTAS|Bodega|||010101|16|08-NO DEFINIDO|Activo||
 LIMA.01.166906|0014||||MINORISTAS|Bodega|||010101|16|08-NO DEFINIDO|Activo||
 LIMA.01.166906|0015||||MINORISTAS|Bodega|||010101|16|08-NO DEFINIDO|Activo||
 LIMA.01.166906|0016||||MINORISTAS|Bodega|||010101|16|08-NO DEFINIDO|Activo||
 LIMA.01.166906|0017||||MINORISTAS|Bodega|||010101|16|08-NO DEFINIDO|Activo||
 LIMA.01.166906|0018||||MINORISTAS|Bodega|||010101|16|08-NO DEFINIDO|Activo||
 LIMA.01.166906|0019||||MINORISTAS|Bodega|||010101|5|08-NO DEFINIDO|Activo||
 LIMA.01.166906|0020||||MINORISTAS|Bodega|||010101|5|08-NO DEFINIDO|Activo||
 LIMA.01.166906|0021||||MINORISTAS|Bodega|||010101|5|08-NO DEFINIDO|Activo||
 LIMA.01.166906|0022||||MINORISTAS|Bodega|||010101|5|08-NO DEFINIDO|Activo||
 LIMA.01.166906|0023||||MINORISTAS|Bodega|||010101|5|08-NO DEFINIDO|Activo||
 LIMA.01.166906|0024||||MINORISTAS|Bodega|||010101|5|08-NO DEFINIDO|Activo||
 LIMA.01.166906|0025||||MINORISTAS|Bodega|||010101|5|08-NO DEFINIDO|Activo||
 LIMA.01.166906|0026||||MINORISTAS|Bodega|||010101|5|08-NO DEFINIDO|Activo||
 LIMA.01.166906|0027||||MINORISTAS|Bodega|||010101|5|08-NO DEFINIDO|Activo||
 LIMA.01.166906|0028||||MINORISTAS|Bodega|||010101|5|08-NO DEFINIDO|Activo||
 LIMA.01.166906|0029||||MINORISTAS|Bodega|||010101|5|08-NO DEFINIDO|Activo||
 LIMA.01.166906|0030||||MINORISTAS|Bodega|||010101|5|08-NO DEFINIDO|Activo||
 LIMA.01.166906|0031||||MINORISTAS|Bodega|||010101|5|08-NO DEFINIDO|Activo||
 LIMA.01.166906|0032||||MINORISTAS|Bodega|||010101|5|08-NO DEFINIDO|Activo||
 LIMA.01.166906|0033||||MINORISTAS|Bodega|||010101|5|08-NO DEFINIDO|Activo||
 LIMA.01.166906|0034||||MINORISTAS|Bodega|||010101|5|08-NO DEFINIDO|Activo||
 LIMA.01.166906|0035||||MINORISTAS|Bodega|||010101|5|08-NO DEFINIDO|Activo||
 LIMA.01.166906|0036||||MINORISTAS|Bodega|||010101|5|08-NO DEFINIDO|Activo||
 LIMA.01.166906|0037||||MINORISTAS|Bodega|||010101|5|08-NO DEFINIDO|Activo||
 LIMA.01.166906|0038||||MINORISTAS|Bodega|||010101|5|08-NO DEFINIDO|Activo||
 LIMA.01.166906|0039||||MINORISTAS|Bodega|||010101|5|08-NO DEFINIDO|Activo||
 LIMA.01.166906|0040||||MINORISTAS|Bodega|||010101|5|08-NO DEFINIDO|Activo||
 LIMA.01.166906|0041||||MINORISTAS|Bodega|||010101|5|08-NO DEFINIDO|Activo||
 LIMA.01.166906|0042||||MINORISTAS|Bodega|||010101|5|08-NO DEFINIDO|Activo||
 LIMA.01.166906|0043||||MINORISTAS|Bodega|||010101|5|08-NO DEFINIDO|Activo||
 LIMA.01.166906|0044||||MINORISTAS|Bodega|||010101|5|08-NO DEFINIDO|Activo||
 LIMA.01.166906|0045||||MINORISTAS|Bodega|||010101|5|08-NO DEFINIDO|Activo||
 LIMA.01.166906|0046||||MINORISTAS|Bodega|||010101|5|08-NO DEFINIDO|Activo||
 LIMA.01.166906|0047||||MINORISTAS|Bodega|||010101|5|08-NO DEFINIDO|Activo||
 LIMA.01.166906|0048||||MINORISTAS|Bodega|||010101|5|08-NO DEFINIDO|Activo||
 LIMA.01.166906|0049||||MINORISTAS|Bodega|||010101|19|08-NO DEFINIDO|Activo||
 LIMA.01.166906|0050||||MINORISTAS|Bodega|||010101|19|08-NO DEFINIDO|Activo||
 LIMA.01.166906|0051||||MINORISTAS|Bodega|||010101|16|08-NO DEFINIDO|Activo||
 LIMA.01.166906|0052||||MINORISTAS|Bodega|||010101|19|08-NO DEFINIDO|Activo||
 LIMA.01.166906|0053||||MINORISTAS|Bodega|||010101|19|08-NO DEFINIDO|Activo||
 LIMA.01.166906|0054||||MINORISTAS|Bodega|||010101|19|08-NO DEFINIDO|Activo||
 LIMA.01.166906|0055||||MINORISTAS|Bodega|||010101|19|08-NO DEFINIDO|Activo||
 LIMA.01.166906|0056||||MINORISTAS|Bodega|||010101|19|08-NO DEFINIDO|Activo||
 LIMA.01.166906|0057||||MINORISTAS|Bodega|||010101|19|08-NO DEFINIDO|Activo||
 LIMA.01.166906|0058||||MINORISTAS|Bodega|||010101|19|08-NO DEFINIDO|Activo||
 LIMA.01.166906|0059||||MINORISTAS|Bodega|||010101|19|08-NO DEFINIDO|Activo||
 LIMA.01.166906|0060||||MINORISTAS|Bodega|||010101|19|08-NO DEFINIDO|Activo||
 LIMA.01.166906|0061||||MINORISTAS|Bodega|||010101|19|08-NO DEFINIDO|Activo||
 LIMA.01.166906|0062||||MINORISTAS|Bodega|||010101|19|08-NO DEFINIDO|Activo||
 LIMA.01.166906|0063||||MINORISTAS|Bodega|||010101|19|08-NO DEFINIDO|Activo||
 LIMA.01.166906|0064||||MINORISTAS|Bodega|||010101|19|08-NO DEFINIDO|Activo||
 LIMA.01.166906|0065||||MINORISTAS|Bodega|||010101|19|08-NO DEFINIDO|Activo||
 LIMA.01.166906|0066||||MINORISTAS|Bodega|||010101|19|08-NO DEFINIDO|Activo||
 LIMA.01.166906|0067||||MINORISTAS|Bodega|||010101|19|08-NO DEFINIDO|Activo||
 LIMA.01.166906|0068||||MINORISTAS|Bodega|||010101|19|08-NO DEFINIDO|Activo||
 LIMA.01.166906|0069||||MINORISTAS|Bodega|||010101|19|08-NO DEFINIDO|Activo||
 LIMA.01.166906|0070||||MINORISTAS|Bodega|||010101|19|08-NO DEFINIDO|Activo||
 LIMA.01.166906|0071||||MINORISTAS|Bodega|||010101|19|08-NO DEFINIDO|Activo||
 LIMA.01.166906|0072||||MINORISTAS|Bodega|||010101|19|08-NO DEFINIDO|Activo||
 LIMA.01.166906|0073||||MINORISTAS|Bodega|||010101|19|08-NO DEFINIDO|Activo||
 LIMA.01.166906|0074||||MINORISTAS|Bodega|||010101|19|08-NO DEFINIDO|Activo||
 LIMA.01.166906|0075||||MINORISTAS|Bodega|||010101|19|08-NO DEFINIDO|Activo||
 LIMA.01.166906|0076||||MINORISTAS|Bodega|||010101|19|08-NO DEFINIDO|Activo||
 LIMA.01.166906|0077||||MINORISTAS|Bodega|||010101|19|08-NO DEFINIDO|Activo||
 LIMA.01.166906|0078||||MINORISTAS|Bodega|||010101|19|08-NO DEFINIDO|Activo||
 LIMA.01.166906|0079||||MINORISTAS|Bodega|||010101|19|08-NO DEFINIDO|Activo||
 LIMA.01.166906|0080||||MINORISTAS|Bodega|||010101|19|08-NO DEFINIDO|Activo||
 LIMA.01.166906|0081||||MINORISTAS|Bodega|||010101|19|08-NO DEFINIDO|Activo||
 LIMA.01.166906|0082||||MINORISTAS|Bodega|||010101|19|08-NO DEFINIDO|Activo||
 LIMA.01.166906|0083||||MINORISTAS|Bodega|||010101|19|08-NO DEFINIDO|Activo||
 LIMA.01.166906|0084||||MINORISTAS|Bodega|||010101|19|08-NO DEFINIDO|Activo||
 LIMA.01.166906|0085||||MINORISTAS|Bodega|||010101|5|08-NO DEFINIDO|Activo||
 LIMA.01.166906|0086||||MINORISTAS|Bodega|||010101|16|08-NO DEFINIDO|Activo||
 LIMA.01.166906|0087||||MINORISTAS|Bodega|||010101|16|08-NO DEFINIDO|Activo||
 LIMA.01.166906|0088||||MINORISTAS|Bodega|||010101|16|08-NO DEFINIDO|Activo||
 LIMA.01.166906|0089||||MINORISTAS|Bodega|||010101|16|08-NO DEFINIDO|Activo||
 LIMA.01.166906|0090||||MINORISTAS|Bodega|||010101|16|08-NO DEFINIDO|Activo||
 LIMA.01.166906|0091||||MINORISTAS|Bodega|||010101|16|08-NO DEFINIDO|Activo||
 LIMA.01.166906|0092||||MINORISTAS|Bodega|||010101|16|08-NO DEFINIDO|Activo||
 LIMA.01.166906|0093||||MINORISTAS|Bodega|||010101|16|08-NO DEFINIDO|Activo||
 LIMA.01.166906|0094||||MINORISTAS|Bodega|||010101|16|08-NO DEFINIDO|Activo||
 LIMA.01.166906|0095||||MINORISTAS|Bodega|||010101|16|08-NO DEFINIDO|Activo||
 LIMA.01.166906|0096||||MINORISTAS|Bodega|||010101|16|08-NO DEFINIDO|Activo||
 LIMA.01.166906|0097||||MINORISTAS|Bodega|||010101|16|08-NO DEFINIDO|Activo||
 LIMA.01.166906|0098||||MINORISTAS|Bodega|||010101|16|08-NO DEFINIDO|Activo||
 LIMA.01.166906|0099||||MINORISTAS|Bodega|||010101|16|08-NO DEFINIDO|Activo||
 LIMA.01.166906|0100||||MINORISTAS|Bodega|||010101|16|08-NO DEFINIDO|Activo||
 LIMA.01.166906|0101||||MINORISTAS|Bodega|||010101|16|08-NO DEFINIDO|Activo||
 LIMA.01.166906|0102||||MINORISTAS|Bodega|||010101|16|08-NO DEFINIDO|Activo||
 LIMA.01.166906|0103||||MINORISTAS|Bodega|||010101|16|08-NO DEFINIDO|Activo||
 LIMA.01.166906|0104||||MINORISTAS|Bodega|||010101|16|08-NO DEFINIDO|Activo||
 LIMA.01.166906|0105||||MINORISTAS|Bodega|||010101|16|08-NO DEFINIDO|Activo||
 LIMA.01.166906|0106||||MINORISTAS|Bodega|||010101|16|08-NO DEFINIDO|Activo||
 LIMA.01.166906|0107||||MINORISTAS|Bodega|||010101|16|08-NO DEFINIDO|Activo||
 LIMA.01.166906|0109||||MINORISTAS|Bodega|||010101|16|08-NO DEFINIDO|Activo||
 LIMA.01.166906|0110||||MINORISTAS|Bodega|||010101|16|08-NO DEFINIDO|Activo||
 LIMA.01.166906|0111||||MINORISTAS|Bodega|||010101|16|08-NO DEFINIDO|Activo||
 LIMA.01.166906|0112||||MINORISTAS|Bodega|||010101|19|08-NO DEFINIDO|Activo||
 LIMA.01.166906|0113||||MINORISTAS|Bodega|||010101|16|08-NO DEFINIDO|Activo||
 LIMA.01.166906|0114||||MINORISTAS|Bodega|||010101|16|08-NO DEFINIDO|Activo||
 LIMA.01.166906|0115||||MINORISTAS|Bodega|||010101|16|08-NO DEFINIDO|Activo||
 LIMA.01.166906|0116||||MINORISTAS|Bodega|||010101|5|08-NO DEFINIDO|Activo||
 LIMA.01.166906|0117||||MINORISTAS|Bodega|||010101|5|08-NO DEFINIDO|Activo||
 LIMA.01.166906|0118||||MINORISTAS|Bodega|||010101|5|08-NO DEFINIDO|Activo||
 LIMA.01.166906|0119||||MINORISTAS|Bodega|||010101|5|08-NO DEFINIDO|Activo||
 LIMA.01.166906|0120||||MINORISTAS|Bodega|||010101|5|08-NO DEFINIDO|Activo||
 LIMA.01.166906|0121||||MINORISTAS|Bodega|||010101|5|08-NO DEFINIDO|Activo||
 LIMA.01.166906|0122||||MINORISTAS|Bodega|||010101|5|08-NO DEFINIDO|Activo||
 LIMA.01.166906|0123||||MINORISTAS|Bodega|||010101|5|08-NO DEFINIDO|Activo||
 LIMA.01.166906|0124||||MINORISTAS|Bodega|||010101|5|08-NO DEFINIDO|Activo||
 LIMA.01.166906|0125||||MINORISTAS|Bodega|||010101|5|08-NO DEFINIDO|Activo||
 LIMA.01.166906|0126||||MINORISTAS|Bodega|||010101|5|08-NO DEFINIDO|Activo||
 LIMA.01.166906|0127||||MINORISTAS|Bodega|||010101|19|08-NO DEFINIDO|Activo||
 LIMA.01.166906|0128||||MINORISTAS|Bodega|||010101|16|08-NO DEFINIDO|Activo||
 LIMA.01.166906|0129||||MINORISTAS|Bodega|||010101|16|08-NO DEFINIDO|Activo||
 LIMA.01.166906|0130||||MINORISTAS|Bodega|||010101|16|08-NO DEFINIDO|Activo||
 LIMA.01.166906|0131||||MINORISTAS|Bodega|||010101|16|08-NO DEFINIDO|Activo||
 LIMA.01.166906|0132||||MINORISTAS|Bodega|||010101|16|08-NO DEFINIDO|Activo||
 LIMA.01.166906|0133||||MINORISTAS|Bodega|||010101|16|08-NO DEFINIDO|Activo||
 LIMA.01.166906|0134||||MINORISTAS|Bodega|||010101|16|08-NO DEFINIDO|Activo||
 LIMA.01.166906|0135||||MINORISTAS|Bodega|||010101|16|08-NO DEFINIDO|Activo||
 LIMA.01.166906|0136||||MINORISTAS|Bodega|||010101|16|08-NO DEFINIDO|Activo||
 LIMA.01.166906|0137||||MINORISTAS|Bodega|||010101|16|08-NO DEFINIDO|Activo||
 LIMA.01.166906|0138||||MINORISTAS|Bodega|||010101|16|08-NO DEFINIDO|Activo||
 LIMA.01.166906|0139||||MINORISTAS|Bodega|||010101|16|08-NO DEFINIDO|Activo||
 LIMA.01.166906|0140||||MINORISTAS|Bodega|||010101|16|08-NO DEFINIDO|Activo||
 LIMA.01.166906|0141||||MINORISTAS|Bodega|||010101|16|08-NO DEFINIDO|Activo||
 LIMA.01.166906|0142||||MINORISTAS|Bodega|||010101|16|08-NO DEFINIDO|Activo||
 LIMA.01.166906|0143||||MINORISTAS|Bodega|||010101|16|08-NO DEFINIDO|Activo||
 LIMA.01.166906|0144||||MINORISTAS|Bodega|||010101|16|08-NO DEFINIDO|Activo||
 LIMA.01.166906|0145||||MINORISTAS|Bodega|||010101|16|08-NO DEFINIDO|Activo||
 LIMA.01.166906|0146||||MINORISTAS|Bodega|||010101|16|08-NO DEFINIDO|Activo||
 LIMA.01.166906|0147||||MINORISTAS|Bodega|||010101|16|08-NO DEFINIDO|Activo||
 LIMA.01.166906|0148||||MINORISTAS|Bodega|||010101|16|08-NO DEFINIDO|Activo||
 LIMA.01.166906|0149||||MINORISTAS|Bodega|||010101|16|08-NO DEFINIDO|Activo||
 LIMA.01.166906|0150||||MINORISTAS|Bodega|||010101|16|08-NO DEFINIDO|Activo||
 LIMA.01.166906|0151||||MINORISTAS|Bodega|||010101|16|08-NO DEFINIDO|Activo||
 LIMA.01.166906|0152||||MINORISTAS|Bodega|||010101|16|08-NO DEFINIDO|Activo||
 LIMA.01.166906|0153||||MINORISTAS|Bodega|||010101|16|08-NO DEFINIDO|Activo||
 LIMA.01.166906|0154||||MINORISTAS|Bodega|||010101|16|08-NO DEFINIDO|Activo||
 LIMA.01.166906|0155||||MINORISTAS|Bodega|||010101|16|08-NO DEFINIDO|Activo||
 LIMA.01.166906|0156||||MINORISTAS|Bodega|||010101|16|08-NO DEFINIDO|Activo||
 LIMA.01.166906|0157||||MINORISTAS|Bodega|||010101|16|08-NO DEFINIDO|Activo||
 LIMA.01.166906|0158||||MINORISTAS|Bodega|||010101|16|08-NO DEFINIDO|Activo||
 LIMA.01.166906|0159||||MINORISTAS|Bodega|||010101|16|08-NO DEFINIDO|Activo||
 LIMA.01.166906|0160||||MINORISTAS|Bodega|||010101|16|08-NO DEFINIDO|Activo||
 LIMA.01.166906|0161||||MINORISTAS|Bodega|||010101|16|08-NO DEFINIDO|Activo||
 LIMA.01.166906|0162||||MINORISTAS|Bodega|||010101|16|08-NO DEFINIDO|Activo||
 LIMA.01.166906|0163||||MINORISTAS|Bodega|||010101|16|08-NO DEFINIDO|Activo||
 LIMA.01.166906|0164||||MINORISTAS|Bodega|||010101|16|08-NO DEFINIDO|Activo||
 LIMA.01.166906|0165||||MINORISTAS|Bodega|||010101|16|08-NO DEFINIDO|Activo||
 LIMA.01.166906|0166||||MINORISTAS|Bodega|||010101|5|08-NO DEFINIDO|Activo||
 LIMA.01.166906|0167||||MINORISTAS|Bodega|||010101|16|08-NO DEFINIDO|Activo||
 LIMA.01.166906|0168||||MINORISTAS|Bodega|||010101|16|08-NO DEFINIDO|Activo||
 LIMA.01.166906|0169||||MINORISTAS|Bodega|||010101|16|08-NO DEFINIDO|Activo||
 LIMA.01.166906|0170||||MINORISTAS|Bodega|||010101|16|08-NO DEFINIDO|Activo||
 LIMA.01.166906|0171||||MINORISTAS|Bodega|||010101|16|08-NO DEFINIDO|Activo||
 LIMA.01.166906|0172||||MINORISTAS|Bodega|||010101|16|08-NO DEFINIDO|Activo||
 LIMA.01.166906|0173||||MINORISTAS|Bodega|||010101|16|08-NO DEFINIDO|Activo||
 LIMA.01.166906|0174||||MINORISTAS|Bodega|||010101|16|08-NO DEFINIDO|Activo||
 LIMA.01.166906|0175||||MINORISTAS|Bodega|||010101|16|08-NO DEFINIDO|Activo||
 LIMA.01.166906|0176||||MINORISTAS|Bodega|||010101|16|08-NO DEFINIDO|Activo||
 LIMA.01.166906|0177||||MINORISTAS|Bodega|||010101|16|08-NO DEFINIDO|Activo||
 LIMA.01.166906|0178||||MINORISTAS|Bodega|||010101|16|08-NO DEFINIDO|Activo||
 LIMA.01.166906|0179||||MINORISTAS|Bodega|||010101|5|08-NO DEFINIDO|Activo||
 LIMA.01.166906|0180||||MINORISTAS|Bodega|||010101|5|08-NO DEFINIDO|Activo||
 LIMA.01.166906|0181||||MINORISTAS|Bodega|||010101|5|08-NO DEFINIDO|Activo||
 LIMA.01.166906|0182||||MINORISTAS|Bodega|||010101|5|08-NO DEFINIDO|Activo||
 LIMA.01.166906|0183||||MINORISTAS|Bodega|||010101|5|08-NO DEFINIDO|Activo||
 LIMA.01.166906|0184||||MINORISTAS|Bodega|||010101|5|08-NO DEFINIDO|Activo||
 LIMA.01.166906|0185||||MINORISTAS|Bodega|||010101|5|08-NO DEFINIDO|Activo||
 LIMA.01.166906|0186||||MINORISTAS|Bodega|||010101|5|08-NO DEFINIDO|Activo||
 LIMA.01.166906|0187||||MINORISTAS|Bodega|||010101|5|08-NO DEFINIDO|Activo||
 LIMA.01.166906|0188||||MINORISTAS|Bodega|||010101|5|08-NO DEFINIDO|Activo||
 LIMA.01.166906|0189||||MINORISTAS|Bodega|||010101|16|08-NO DEFINIDO|Activo||
 LIMA.01.166906|0190||||MINORISTAS|Bodega|||010101|16|08-NO DEFINIDO|Activo||
 LIMA.01.166906|0191||||MINORISTAS|Bodega|||010101|16|08-NO DEFINIDO|Activo||
 LIMA.01.166906|0192||||MINORISTAS|Bodega|||010101|16|08-NO DEFINIDO|Activo||
 LIMA.01.166906|0193||||MINORISTAS|Bodega|||010101|16|08-NO DEFINIDO|Activo||
 LIMA.01.166906|0194||||MINORISTAS|Bodega|||010101|16|08-NO DEFINIDO|Activo||
 LIMA.01.166906|0195||||MINORISTAS|Bodega|||010101|16|08-NO DEFINIDO|Activo||
 LIMA.01.166906|0196||||MINORISTAS|Bodega|||010101|16|08-NO DEFINIDO|Activo||
 LIMA.01.166906|0197||||MINORISTAS|Bodega|||010101|16|08-NO DEFINIDO|Activo||
 LIMA.01.166906|0198||||MINORISTAS|Bodega|||010101|16|08-NO DEFINIDO|Activo||
 LIMA.01.166906|0199||||MINORISTAS|Bodega|||010101|16|08-NO DEFINIDO|Activo||
 LIMA.01.166906|0200||||MINORISTAS|Bodega|||010101|16|08-NO DEFINIDO|Activo||
 LIMA.01.166906|0201||||MINORISTAS|Bodega|||010101|16|08-NO DEFINIDO|Activo||
 LIMA.01.166906|0202||||MINORISTAS|Bodega|||010101|16|08-NO DEFINIDO|Activo||
 LIMA.01.166906|0203||||MINORISTAS|Bodega|||010101|5|08-NO DEFINIDO|Activo||
 LIMA.01.166906|0204||||MINORISTAS|Bodega|||010101|5|08-NO DEFINIDO|Activo||
 LIMA.01.166906|0205||||MINORISTAS|Bodega|||010101|5|08-NO DEFINIDO|Activo||
 LIMA.01.166906|0206||||MINORISTAS|Bodega|||010101|5|08-NO DEFINIDO|Activo||
 LIMA.01.166906|0207||||MINORISTAS|Bodega|||010101|5|08-NO DEFINIDO|Activo||
 LIMA.01.166906|0208||||MINORISTAS|Bodega|||010101|5|08-NO DEFINIDO|Activo||
 LIMA.01.166906|0209||||MINORISTAS|Bodega|||010101|5|08-NO DEFINIDO|Activo||
 LIMA.01.166906|0210||||MINORISTAS|Bodega|||010101|5|08-NO DEFINIDO|Activo||
 LIMA.01.166906|0211||||MINORISTAS|Bodega|||010101|5|08-NO DEFINIDO|Activo||
 LIMA.01.166906|0212||||MINORISTAS|Bodega|||010101|5|08-NO DEFINIDO|Activo||
 LIMA.01.166906|0213||||MINORISTAS|Bodega|||010101|5|08-NO DEFINIDO|Activo||
 LIMA.01.166906|0214||||MINORISTAS|Bodega|||010101|5|08-NO DEFINIDO|Activo||
 LIMA.01.166906|0215||||MINORISTAS|Bodega|||010101|5|08-NO DEFINIDO|Activo||
 LIMA.01.166906|0216||||MINORISTAS|Bodega|||010101|5|08-NO DEFINIDO|Activo||
 LIMA.01.166906|0217||||MINORISTAS|Bodega|||010101|16|08-NO DEFINIDO|Activo||
 LIMA.01.166906|0218||||MINORISTAS|Bodega|||010101|16|08-NO DEFINIDO|Activo||
 LIMA.01.166906|0219||||MINORISTAS|Bodega|||010101|16|08-NO DEFINIDO|Activo||
 LIMA.01.166906|0220||||MINORISTAS|Bodega|||010101|16|08-NO DEFINIDO|Activo||
 LIMA.01.166906|0221||||MINORISTAS|Bodega|||010101|16|08-NO DEFINIDO|Activo||
 LIMA.01.166906|0222||||MINORISTAS|Bodega|||010101|5|08-NO DEFINIDO|Activo||
 LIMA.01.166906|0223||||MINORISTAS|Bodega|||010101|5|08-NO DEFINIDO|Activo||
 LIMA.01.166906|0224||||MINORISTAS|Bodega|||010101|5|08-NO DEFINIDO|Activo||
 LIMA.01.166906|0225||||MINORISTAS|Bodega|||010101|5|08-NO DEFINIDO|Activo||
 LIMA.01.166906|0226||||MINORISTAS|Bodega|||010101|5|08-NO DEFINIDO|Activo||
 LIMA.01.166906|0227||||MINORISTAS|Bodega|||010101|5|08-NO DEFINIDO|Activo||
 LIMA.01.166906|0228||||MINORISTAS|Bodega|||010101|5|08-NO DEFINIDO|Activo||
 LIMA.01.166906|0229||||MINORISTAS|Bodega|||010101|5|08-NO DEFINIDO|Activo||
 LIMA.01.166906|0230||||MINORISTAS|Bodega|||010101|5|08-NO DEFINIDO|Activo||
 LIMA.01.166906|0231||||MINORISTAS|Bodega|||010101|5|08-NO DEFINIDO|Activo||
 LIMA.01.166906|0232||||MINORISTAS|Bodega|||010101|5|08-NO DEFINIDO|Activo||
 LIMA.01.166906|0233||||MINORISTAS|Bodega|||010101|5|08-NO DEFINIDO|Activo||
 LIMA.01.166906|0234||||MINORISTAS|Bodega|||010101|5|08-NO DEFINIDO|Activo||
 LIMA.01.166906|0235||||MINORISTAS|Bodega|||010101|5|08-NO DEFINIDO|Activo||
 LIMA.01.166906|0236||||MINORISTAS|Bodega|||010101|5|08-NO DEFINIDO|Activo||
 LIMA.01.166906|0237||||MINORISTAS|Bodega|||010101|16|08-NO DEFINIDO|Activo||
 LIMA.01.166906|0238||||MINORISTAS|Bodega|||010101|16|08-NO DEFINIDO|Activo||
 LIMA.01.166906|0239||||MINORISTAS|Bodega|||010101|16|08-NO DEFINIDO|Activo||
 LIMA.01.166906|0240||||MINORISTAS|Bodega|||010101|16|08-NO DEFINIDO|Activo||
 LIMA.01.166906|0241||||MINORISTAS|Bodega|||010101|16|08-NO DEFINIDO|Activo||
 LIMA.01.166906|0242||||MINORISTAS|Bodega|||010101|16|08-NO DEFINIDO|Activo||
 LIMA.01.166906|0243||||MINORISTAS|Bodega|||010101|5|08-NO DEFINIDO|Activo||
 LIMA.01.166906|0244||||MINORISTAS|Bodega|||010101|5|08-NO DEFINIDO|Activo||
 LIMA.01.166906|0245||||MINORISTAS|Bodega|||010101|5|08-NO DEFINIDO|Activo||
 LIMA.01.166906|0247||||MINORISTAS|Bodega|||010101|5|08-NO DEFINIDO|Activo||
 LIMA.01.166906|0248||||MINORISTAS|Bodega|||010101|16|08-NO DEFINIDO|Activo||
 LIMA.01.166906|0249||||MINORISTAS|Bodega|||010101|5|08-NO DEFINIDO|Activo||
 LIMA.01.166906|0250||||MINORISTAS|Bodega|||010101|5|08-NO DEFINIDO|Activo||
 LIMA.01.166906|0251||||MINORISTAS|Bodega|||010101|5|08-NO DEFINIDO|Activo||
 LIMA.01.166906|0252||||MINORISTAS|Bodega|||010101|16|08-NO DEFINIDO|Activo||
 LIMA.01.166906|0253||||MINORISTAS|Bodega|||010101|16|08-NO DEFINIDO|Activo||
 LIMA.01.166906|0254||||MINORISTAS|Bodega|||010101|16|08-NO DEFINIDO|Activo||
 LIMA.01.166906|0255||||MINORISTAS|Bodega|||010101|5|08-NO DEFINIDO|Activo||
 LIMA.01.166906|0257||||MINORISTAS|Bodega|||010101|9|08-NO DEFINIDO|Activo||
 LIMA.01.166906|0258||||MINORISTAS|Bodega|||010101|16|08-NO DEFINIDO|Activo||
 LIMA.01.166906|0259||||MINORISTAS|Bodega|||010101|16|08-NO DEFINIDO|Activo||
 LIMA.01.166906|0260||||MINORISTAS|Bodega|||010101|16|08-NO DEFINIDO|Activo||
 LIMA.01.166906|0261||||MINORISTAS|Bodega|||010101|16|08-NO DEFINIDO|Activo||
 LIMA.01.166906|0262||||MINORISTAS|Bodega|||010101|19|08-NO DEFINIDO|Activo||
 LIMA.01.166906|0263||||MINORISTAS|Bodega|||010101|19|08-NO DEFINIDO|Activo||
 LIMA.01.166906|0264||||MINORISTAS|Bodega|||010101|19|08-NO DEFINIDO|Activo||
 LIMA.01.166906|0265||||MINORISTAS|Bodega|||010101|16|08-NO DEFINIDO|Activo||
 LIMA.01.166906|0266||||MINORISTAS|Bodega|||010101|16|08-NO DEFINIDO|Activo||
 LIMA.01.166906|0267||||MINORISTAS|Bodega|||010101|16|08-NO DEFINIDO|Activo||
 LIMA.01.166906|0268||||MINORISTAS|Bodega|||010101|16|08-NO DEFINIDO|Activo||
 LIMA.01.166906|0269||||MINORISTAS|Bodega|||010101|16|08-NO DEFINIDO|Activo||
 LIMA.01.166906|0270||||MINORISTAS|Bodega|||010101|5|08-NO DEFINIDO|Activo||
 LIMA.01.166906|0271||||MINORISTAS|Bodega|||010101|16|08-NO DEFINIDO|Activo||
 LIMA.01.166906|0272||||MINORISTAS|Bodega|||010101|16|08-NO DEFINIDO|Activo||
 LIMA.01.166906|0273||||MINORISTAS|Bodega|||010101|16|08-NO DEFINIDO|Activo||
 LIMA.01.166906|0274||||MINORISTAS|Bodega|||010101|16|08-NO DEFINIDO|Activo||
 LIMA.01.166906|0275||||MINORISTAS|Bodega|||010101|16|08-NO DEFINIDO|Activo||
 LIMA.01.166906|0276||||MINORISTAS|Bodega|||010101|16|08-NO DEFINIDO|Activo||
 LIMA.01.166906|0277||||MINORISTAS|Bodega|||010101|16|08-NO DEFINIDO|Activo||
 LIMA.01.166906|0278||||MINORISTAS|Bodega|||010101|16|08-NO DEFINIDO|Activo||
 LIMA.01.166906|0279||||MINORISTAS|Bodega|||010101|5|08-NO DEFINIDO|Activo||
 LIMA.01.166906|0280||||MINORISTAS|Bodega|||010101|5|08-NO DEFINIDO|Activo||
 LIMA.01.166906|0281||||MINORISTAS|Bodega|||010101|5|08-NO DEFINIDO|Activo||
 LIMA.01.166906|0282||||MINORISTAS|Bodega|||010101|5|08-NO DEFINIDO|Activo||
 LIMA.01.166906|0283||||MINORISTAS|Bodega|||010101|5|08-NO DEFINIDO|Activo||
 LIMA.01.166906|0284||||MINORISTAS|Bodega|||010101|5|08-NO DEFINIDO|Activo||
 LIMA.01.166906|0285||||MINORISTAS|Bodega|||010101|5|08-NO DEFINIDO|Activo||
 LIMA.01.166906|0286||||MINORISTAS|Bodega|||010101|16|08-NO DEFINIDO|Activo||
 LIMA.01.166906|0287||||MINORISTAS|Bodega|||010101|16|08-NO DEFINIDO|Activo||
 LIMA.01.166906|0288||||MINORISTAS|Bodega|||010101|16|08-NO DEFINIDO|Activo||
 LIMA.01.166906|0289||||MINORISTAS|Bodega|||010101|16|08-NO DEFINIDO|Activo||
 LIMA.01.166906|0290||||MINORISTAS|Bodega|||010101|16|08-NO DEFINIDO|Activo||
 LIMA.01.166906|0291||||MINORISTAS|Bodega|||010101|16|08-NO DEFINIDO|Activo||
 LIMA.01.166906|0292||||MINORISTAS|Bodega|||010101|16|08-NO DEFINIDO|Activo||
 LIMA.01.166906|0293||||MINORISTAS|Bodega|||010101|16|08-NO DEFINIDO|Activo||
 LIMA.01.166906|0294||||MINORISTAS|Bodega|||010101|19|08-NO DEFINIDO|Activo||
 LIMA.01.166906|0296||||MINORISTAS|Bodega|||010101|19|08-NO DEFINIDO|Activo||
 LIMA.01.166906|0297||||MINORISTAS|Bodega|||010101|16|08-NO DEFINIDO|Activo||
 LIMA.01.166906|0298||||MINORISTAS|Bodega|||010101|16|08-NO DEFINIDO|Activo||
 LIMA.01.166906|0299||||MINORISTAS|Bodega|||010101|19|08-NO DEFINIDO|Activo||
 LIMA.01.166906|0300||||MINORISTAS|Bodega|||010101|16|08-NO DEFINIDO|Activo||
 LIMA.01.166906|0301||||MINORISTAS|Bodega|||010101|5|08-NO DEFINIDO|Activo||
 LIMA.01.166906|0302||||MINORISTAS|Bodega|||010101|19|08-NO DEFINIDO|Activo||
 LIMA.01.166906|0303||||MINORISTAS|Bodega|||010101|19|08-NO DEFINIDO|Activo||
 LIMA.01.166906|0304||||MINORISTAS|Bodega|||010101|16|08-NO DEFINIDO|Activo||
 LIMA.01.166906|0305||||MINORISTAS|Bodega|||010101|19|08-NO DEFINIDO|Activo||
 LIMA.01.166906|0306||||MINORISTAS|Bodega|||010101|5|08-NO DEFINIDO|Activo||
 LIMA.01.166906|0307||||MINORISTAS|Bodega|||010101|5|08-NO DEFINIDO|Activo||
 LIMA.01.166906|0308||||MINORISTAS|Bodega|||010101|5|08-NO DEFINIDO|Activo||
 LIMA.01.166906|0309||||MINORISTAS|Bodega|||010101|16|08-NO DEFINIDO|Activo||
 LIMA.01.166906|0310||||MINORISTAS|Bodega|||010101|16|08-NO DEFINIDO|Activo||
 LIMA.01.166906|0311||||MINORISTAS|Bodega|||010101|16|08-NO DEFINIDO|Activo||
 LIMA.01.166906|0312||||MINORISTAS|Bodega|||010101|16|08-NO DEFINIDO|Activo||
 LIMA.01.166906|0313||||MINORISTAS|Bodega|||010101|16|08-NO DEFINIDO|Activo||
 LIMA.01.166906|0314||||MINORISTAS|Bodega|||010101|16|08-NO DEFINIDO|Activo||
 LIMA.01.166906|0315||||MINORISTAS|Bodega|||010101|16|08-NO DEFINIDO|Activo||
 LIMA.01.166906|0316||||MINORISTAS|Bodega|||010101|16|08-NO DEFINIDO|Activo||
 LIMA.01.166906|0317||||MINORISTAS|Bodega|||010101|16|08-NO DEFINIDO|Activo||
 LIMA.01.166906|0318||||MINORISTAS|Bodega|||010101|16|08-NO DEFINIDO|Activo||
 LIMA.01.166906|0319||||MINORISTAS|Bodega|||010101|16|08-NO DEFINIDO|Activo||
 LIMA.01.166906|0320||||MINORISTAS|Bodega|||010101|16|08-NO DEFINIDO|Activo||
 LIMA.01.166906|0321||||MINORISTAS|Bodega|||010101|5|08-NO DEFINIDO|Activo||
 LIMA.01.166906|0322||||MINORISTAS|Bodega|||010101|16|08-NO DEFINIDO|Activo||
 LIMA.01.166906|0323||||MINORISTAS|Bodega|||010101|5|08-NO DEFINIDO|Activo||
 LIMA.01.166906|0324||||MINORISTAS|Bodega|||010101|16|08-NO DEFINIDO|Activo||
 LIMA.01.166906|0325||||MINORISTAS|Bodega|||010101|16|08-NO DEFINIDO|Activo||
 LIMA.01.166906|0326||||MINORISTAS|Bodega|||010101|16|08-NO DEFINIDO|Activo||
 LIMA.01.166906|0327||||MINORISTAS|Bodega|||010101|19|08-NO DEFINIDO|Activo||
 LIMA.01.166906|0328||||MINORISTAS|Bodega|||010101|19|08-NO DEFINIDO|Activo||
 LIMA.01.166906|0329||||MINORISTAS|Bodega|||010101|16|08-NO DEFINIDO|Activo||
 LIMA.01.166906|0330||||MINORISTAS|Bodega|||010101|5|08-NO DEFINIDO|Activo||
 LIMA.01.166906|0331||||MINORISTAS|Bodega|||010101|16|08-NO DEFINIDO|Activo||
 LIMA.01.166906|0332||||MINORISTAS|Bodega|||010101|16|08-NO DEFINIDO|Activo||
 LIMA.01.166906|0333||||MINORISTAS|Bodega|||010101|19|08-NO DEFINIDO|Activo||
 LIMA.01.166906|0335||||MINORISTAS|Bodega|||010101|19|08-NO DEFINIDO|Activo||
 LIMA.01.166906|0336||||MINORISTAS|Bodega|||010101|19|08-NO DEFINIDO|Activo||
 LIMA.01.166906|0337||||MINORISTAS|Bodega|||010101|19|08-NO DEFINIDO|Activo||
 LIMA.01.166906|0338||||MINORISTAS|Bodega|||010101|5|08-NO DEFINIDO|Activo||
 LIMA.01.166906|0339||||MINORISTAS|Bodega|||010101|5|08-NO DEFINIDO|Activo||
 LIMA.01.166906|0340||||MINORISTAS|Bodega|||010101|16|08-NO DEFINIDO|Activo||
 LIMA.01.166906|0341||||MINORISTAS|Bodega|||010101|5|08-NO DEFINIDO|Activo||
 LIMA.01.166906|0342||||MINORISTAS|Bodega|||010101|16|08-NO DEFINIDO|Activo||
 LIMA.01.166906|0344||||MINORISTAS|Bodega|||010101|5|08-NO DEFINIDO|Activo||
 LIMA.01.166906|0345||||MINORISTAS|Bodega|||010101|5|08-NO DEFINIDO|Activo||
 LIMA.01.166906|0346||||MINORISTAS|Bodega|||010101|5|08-NO DEFINIDO|Activo||
 LIMA.01.166906|0347||||MINORISTAS|Bodega|||010101|5|08-NO DEFINIDO|Activo||
 LIMA.01.166906|0348||||MINORISTAS|Bodega|||010101|5|08-NO DEFINIDO|Activo||
 LIMA.01.166906|0349||||MINORISTAS|Bodega|||010101|5|08-NO DEFINIDO|Activo||
 LIMA.01.166906|0350||||MINORISTAS|Bodega|||010101|5|08-NO DEFINIDO|Activo||
 LIMA.01.166906|0351||||MINORISTAS|Bodega|||010101|19|08-NO DEFINIDO|Activo||
 LIMA.01.166906|0352||||MINORISTAS|Bodega|||010101|16|08-NO DEFINIDO|Activo||
 LIMA.01.166906|0353||||MINORISTAS|Bodega|||010101|19|08-NO DEFINIDO|Activo||
 LIMA.01.166906|0354||||MINORISTAS|Bodega|||010101|19|08-NO DEFINIDO|Activo||
 LIMA.01.166906|0355||||MINORISTAS|Bodega|||010101|19|08-NO DEFINIDO|Activo||
 LIMA.01.166906|0356||||MINORISTAS|Bodega|||010101|16|08-NO DEFINIDO|Activo||
 LIMA.01.166906|0357||||MINORISTAS|Bodega|||010101|5|08-NO DEFINIDO|Activo||
 LIMA.01.166906|0358||||MINORISTAS|Bodega|||010101|16|08-NO DEFINIDO|Activo||
 LIMA.01.166906|0359||||MINORISTAS|Bodega|||010101|19|08-NO DEFINIDO|Activo||
 LIMA.01.166906|0360||||MINORISTAS|Bodega|||010101|5|08-NO DEFINIDO|Activo||
 LIMA.01.166906|0361||||MINORISTAS|Bodega|||010101|5|08-NO DEFINIDO|Activo||
 LIMA.01.166906|0362||||MINORISTAS|Bodega|||010101|5|08-NO DEFINIDO|Activo||
 LIMA.01.166906|0363||||MINORISTAS|Bodega|||010101|5|08-NO DEFINIDO|Activo||
 LIMA.01.166906|0364||||MINORISTAS|Bodega|||010101|5|08-NO DEFINIDO|Activo||
 LIMA.01.166906|0365||||MINORISTAS|Bodega|||010101|16|08-NO DEFINIDO|Activo||
 LIMA.01.166906|0366||||MINORISTAS|Bodega|||010101|16|08-NO DEFINIDO|Activo||
 LIMA.01.166906|0367||||MINORISTAS|Bodega|||010101|16|08-NO DEFINIDO|Activo||
 LIMA.01.166906|0368||||MINORISTAS|Bodega|||010101|5|08-NO DEFINIDO|Activo||
 LIMA.01.166906|0369||||MINORISTAS|Bodega|||010101|16|08-NO DEFINIDO|Activo||
 LIMA.01.166906|0370||||MINORISTAS|Bodega|||010101|16|08-NO DEFINIDO|Activo||
 LIMA.01.166906|0371||||MINORISTAS|Bodega|||010101|16|08-NO DEFINIDO|Activo||
 LIMA.01.166906|0372||||MINORISTAS|Bodega|||010101|16|08-NO DEFINIDO|Activo||
 LIMA.01.166906|0373||||MINORISTAS|Bodega|||010101|16|08-NO DEFINIDO|Activo||
 LIMA.01.166906|0374||||MINORISTAS|Bodega|||010101|16|08-NO DEFINIDO|Activo||
 LIMA.01.166906|0376||||MINORISTAS|Bodega|||010101|16|08-NO DEFINIDO|Activo||
 LIMA.01.166906|0377||||MINORISTAS|Bodega|||010101|19|08-NO DEFINIDO|Activo||
 LIMA.01.166906|0378||||MINORISTAS|Bodega|||010101|5|08-NO DEFINIDO|Activo||
 LIMA.01.166906|0379||||MINORISTAS|Bodega|||010101|5|08-NO DEFINIDO|Activo||
 LIMA.01.166906|0380||||MINORISTAS|Bodega|||010101|16|08-NO DEFINIDO|Activo||
 LIMA.01.166906|0381||||MINORISTAS|Bodega|||010101|16|08-NO DEFINIDO|Activo||
 LIMA.01.166906|0382||||MINORISTAS|Bodega|||010101|16|08-NO DEFINIDO|Activo||
 LIMA.01.166906|0383||||MINORISTAS|Bodega|||010101|16|08-NO DEFINIDO|Activo||
 LIMA.01.166906|0384||||MINORISTAS|Bodega|||010101|16|08-NO DEFINIDO|Activo||
 LIMA.01.166906|0385||||MINORISTAS|Bodega|||010101|5|08-NO DEFINIDO|Activo||
 LIMA.01.166906|0386||||MINORISTAS|Bodega|||010101|16|08-NO DEFINIDO|Activo||
 LIMA.01.166906|0387||||MINORISTAS|Bodega|||010101|5|08-NO DEFINIDO|Activo||
 LIMA.01.166906|0388||||MINORISTAS|Bodega|||010101|5|08-NO DEFINIDO|Activo||
 LIMA.01.166906|0389||||MINORISTAS|Bodega|||010101|5|08-NO DEFINIDO|Activo||
 LIMA.01.166906|0390||||MINORISTAS|Bodega|||010101|5|08-NO DEFINIDO|Activo||
 LIMA.01.166906|0391||||MINORISTAS|Bodega|||010101|5|08-NO DEFINIDO|Activo||
 LIMA.01.166906|0392||||MINORISTAS|Bodega|||010101|16|08-NO DEFINIDO|Activo||
 LIMA.01.166906|0393||||MINORISTAS|Bodega|||010101|19|08-NO DEFINIDO|Activo||
 LIMA.01.166906|0394||||MINORISTAS|Bodega|||010101|5|08-NO DEFINIDO|Activo||
 LIMA.01.166906|0395||||MINORISTAS|Bodega|||010101|16|08-NO DEFINIDO|Activo||
 LIMA.01.166906|0396||||MINORISTAS|Bodega|||010101|5|08-NO DEFINIDO|Activo||
 LIMA.01.166906|0397||||MINORISTAS|Bodega|||010101|5|08-NO DEFINIDO|Activo||
 LIMA.01.166906|0398||||MINORISTAS|Bodega|||010101|5|08-NO DEFINIDO|Activo||
 LIMA.01.166906|0399||||MINORISTAS|Bodega|||010101|16|08-NO DEFINIDO|Activo||
 LIMA.01.166906|0400||||MINORISTAS|Bodega|||010101|19|08-NO DEFINIDO|Activo||
 LIMA.01.166906|0401||||MINORISTAS|Bodega|||010101|16|08-NO DEFINIDO|Activo||
 LIMA.01.166906|0402||||MINORISTAS|Bodega|||010101|5|08-NO DEFINIDO|Activo||
 LIMA.01.166906|0403||||MINORISTAS|Bodega|||010101|5|08-NO DEFINIDO|Activo||
 LIMA.01.166906|0404||||MINORISTAS|Bodega|||010101|5|08-NO DEFINIDO|Activo||
 LIMA.01.166906|0405||||MINORISTAS|Bodega|||010101|5|08-NO DEFINIDO|Activo||
 LIMA.01.166906|0406||||MINORISTAS|Bodega|||010101|16|08-NO DEFINIDO|Activo||
 LIMA.01.166906|0407||||MINORISTAS|Bodega|||010101|16|08-NO DEFINIDO|Activo||
 LIMA.01.166906|0408||||MINORISTAS|Bodega|||010101|16|08-NO DEFINIDO|Activo||
 LIMA.01.166906|0409||||MINORISTAS|Bodega|||010101|16|08-NO DEFINIDO|Activo||
 LIMA.01.166906|0410||||MINORISTAS|Bodega|||010101|16|08-NO DEFINIDO|Activo||
 LIMA.01.166906|0411||||MINORISTAS|Bodega|||010101|16|08-NO DEFINIDO|Activo||
 LIMA.01.166906|0412||||MINORISTAS|Bodega|||010101|16|08-NO DEFINIDO|Activo||
 LIMA.01.166906|0413||||MINORISTAS|Bodega|||010101|16|08-NO DEFINIDO|Activo||
 LIMA.01.166906|0414||||MINORISTAS|Bodega|||010101|16|08-NO DEFINIDO|Activo||
 LIMA.01.166906|0415||||MINORISTAS|Bodega|||010101|16|08-NO DEFINIDO|Activo||
 LIMA.01.166906|0416||||MINORISTAS|Bodega|||010101|16|08-NO DEFINIDO|Activo||
 LIMA.01.166906|0417||||MINORISTAS|Bodega|||010101|16|08-NO DEFINIDO|Activo||
 LIMA.01.166906|0419||||MINORISTAS|Bodega|||010101|16|08-NO DEFINIDO|Activo||
 LIMA.01.166906|0420||||MINORISTAS|Bodega|||010101|16|08-NO DEFINIDO|Activo||
 LIMA.01.166906|0421||||MINORISTAS|Bodega|||010101|16|08-NO DEFINIDO|Activo||
 LIMA.01.166906|0422||||MINORISTAS|Bodega|||010101|16|08-NO DEFINIDO|Activo||
 LIMA.01.166906|0423||||MINORISTAS|Bodega|||010101|16|08-NO DEFINIDO|Activo||
 LIMA.01.166906|0424||||MINORISTAS|Bodega|||010101|16|08-NO DEFINIDO|Activo||
 LIMA.01.166906|0425||||MINORISTAS|Bodega|||010101|19|08-NO DEFINIDO|Activo||
 LIMA.01.166906|0426||||MINORISTAS|Bodega|||010101|19|08-NO DEFINIDO|Activo||
 LIMA.01.166906|0427||||MINORISTAS|Bodega|||010101|16|08-NO DEFINIDO|Activo||
 LIMA.01.166906|0428||||MINORISTAS|Bodega|||010101|16|08-NO DEFINIDO|Activo||
 LIMA.01.166906|0429||||MINORISTAS|Bodega|||010101|16|08-NO DEFINIDO|Activo||
 LIMA.01.166906|0430||||MINORISTAS|Bodega|||010101|16|08-NO DEFINIDO|Activo||
 LIMA.01.166906|0431||||MINORISTAS|Bodega|||010101|16|08-NO DEFINIDO|Activo||
 LIMA.01.166906|0432||||MINORISTAS|Bodega|||010101|16|08-NO DEFINIDO|Activo||
 LIMA.01.166906|0433||||MINORISTAS|Bodega|||010101|5|08-NO DEFINIDO|Activo||
 LIMA.01.166906|0434||||MINORISTAS|Bodega|||010101|5|08-NO DEFINIDO|Activo||
 LIMA.01.166906|0435||||MINORISTAS|Bodega|||010101|5|08-NO DEFINIDO|Activo||
 LIMA.01.166906|0436||||MINORISTAS|Bodega|||010101|5|08-NO DEFINIDO|Activo||
 LIMA.01.166906|0437||||MINORISTAS|Bodega|||010101|16|08-NO DEFINIDO|Activo||
 LIMA.01.166906|0438||||MINORISTAS|Bodega|||010101|19|08-NO DEFINIDO|Activo||
 LIMA.01.166906|0439||||MINORISTAS|Bodega|||010101|19|08-NO DEFINIDO|Activo||
 LIMA.01.166906|0440||||MINORISTAS|Bodega|||010101|16|08-NO DEFINIDO|Activo||
 LIMA.01.166906|0441||||MINORISTAS|Bodega|||010101|5|08-NO DEFINIDO|Activo||
 LIMA.01.166906|0442||||MINORISTAS|Bodega|||010101|5|08-NO DEFINIDO|Activo||
 LIMA.01.166906|0443||||MINORISTAS|Bodega|||010101|16|08-NO DEFINIDO|Activo||
 LIMA.01.166906|0444||||MINORISTAS|Bodega|||010101|5|08-NO DEFINIDO|Activo||
 LIMA.01.166906|0445||||MINORISTAS|Bodega|||010101|16|08-NO DEFINIDO|Activo||
 LIMA.01.166906|0446||||MINORISTAS|Bodega|||010101|16|08-NO DEFINIDO|Activo||
 LIMA.01.166906|0447||||MINORISTAS|Bodega|||010101|16|08-NO DEFINIDO|Activo||
 LIMA.01.166906|0448||||MINORISTAS|Bodega|||010101|16|08-NO DEFINIDO|Activo||
 LIMA.01.166906|0449||||MINORISTAS|Bodega|||010101|16|08-NO DEFINIDO|Activo||
 LIMA.01.166906|0450||||MINORISTAS|Bodega|||010101|16|08-NO DEFINIDO|Activo||
 LIMA.01.166906|0451||||MINORISTAS|Bodega|||010101|16|08-NO DEFINIDO|Activo||
 LIMA.01.166906|0452||||MINORISTAS|Bodega|||010101|16|08-NO DEFINIDO|Activo||
 LIMA.01.166906|0453||||MINORISTAS|Bodega|||010101|16|08-NO DEFINIDO|Activo||
 LIMA.01.166906|0454||||MINORISTAS|Bodega|||010101|5|08-NO DEFINIDO|Activo||
 LIMA.01.166906|0455||||MINORISTAS|Bodega|||010101|5|08-NO DEFINIDO|Activo||
 LIMA.01.166906|0456||||MINORISTAS|Bodega|||010101|5|08-NO DEFINIDO|Activo||
 LIMA.01.166906|0457||||MINORISTAS|Bodega|||010101|5|08-NO DEFINIDO|Activo||
 LIMA.01.166906|0458||||MINORISTAS|Bodega|||010101|5|08-NO DEFINIDO|Activo||
 LIMA.01.166906|0459||||MINORISTAS|Bodega|||010101|16|08-NO DEFINIDO|Activo||
 LIMA.01.166906|0460||||MINORISTAS|Bodega|||010101|16|08-NO DEFINIDO|Activo||
 LIMA.01.166906|0461||||MINORISTAS|Bodega|||010101|16|08-NO DEFINIDO|Activo||
 LIMA.01.166906|0462||||MINORISTAS|Bodega|||010101|19|08-NO DEFINIDO|Activo||
 LIMA.01.166906|0463||||MINORISTAS|Bodega|||010101|5|08-NO DEFINIDO|Activo||
 LIMA.01.166906|0464||||MINORISTAS|Bodega|||010101|5|08-NO DEFINIDO|Activo||
 LIMA.01.166906|0465||||MINORISTAS|Bodega|||010101|16|08-NO DEFINIDO|Activo||
 LIMA.01.166906|0466||||MINORISTAS|Bodega|||010101|16|08-NO DEFINIDO|Activo||
 LIMA.01.166906|0467||||MINORISTAS|Bodega|||010101|5|08-NO DEFINIDO|Activo||
 LIMA.01.166906|0468||||MINORISTAS|Bodega|||010101|5|08-NO DEFINIDO|Activo||
 LIMA.01.166906|0469||||MINORISTAS|Bodega|||010101|5|08-NO DEFINIDO|Activo||
 LIMA.01.166906|0470||||MINORISTAS|Bodega|||010101|5|08-NO DEFINIDO|Activo||
 LIMA.01.166906|0471||||MINORISTAS|Bodega|||010101|5|08-NO DEFINIDO|Activo||
 LIMA.01.166906|0472||||MINORISTAS|Bodega|||010101|16|08-NO DEFINIDO|Activo||
 LIMA.01.166906|0473||||MINORISTAS|Bodega|||010101|19|08-NO DEFINIDO|Activo||
 LIMA.01.166906|0474||||MINORISTAS|Bodega|||010101|19|08-NO DEFINIDO|Activo||
 LIMA.01.166906|0475||||MINORISTAS|Bodega|||010101|16|08-NO DEFINIDO|Activo||
 LIMA.01.166906|0476||||MINORISTAS|Bodega|||010101|16|08-NO DEFINIDO|Activo||
 LIMA.01.166906|0477||||MINORISTAS|Bodega|||010101|16|08-NO DEFINIDO|Activo||
 LIMA.01.166906|0478||||MINORISTAS|Bodega|||010101|16|08-NO DEFINIDO|Activo||
 LIMA.01.166906|0479||||MINORISTAS|Bodega|||010101|16|08-NO DEFINIDO|Activo||
 LIMA.01.166906|0480||||MINORISTAS|Bodega|||010101|16|08-NO DEFINIDO|Activo||
 LIMA.01.166906|0481||||MINORISTAS|Bodega|||010101|19|08-NO DEFINIDO|Activo||
 LIMA.01.166906|0482||||MINORISTAS|Bodega|||010101|16|08-NO DEFINIDO|Activo||
 LIMA.01.166906|0483||||MINORISTAS|Bodega|||010101|16|08-NO DEFINIDO|Activo||
 LIMA.01.166906|0484||||MINORISTAS|Bodega|||010101|5|08-NO DEFINIDO|Activo||
 LIMA.01.166906|0485||||MINORISTAS|Bodega|||010101|16|08-NO DEFINIDO|Activo||
 LIMA.01.166906|0486||||MINORISTAS|Bodega|||010101|16|08-NO DEFINIDO|Activo||
 LIMA.01.166906|0487||||MINORISTAS|Bodega|||010101|5|08-NO DEFINIDO|Activo||
 LIMA.01.166906|0488||||MINORISTAS|Bodega|||010101|16|08-NO DEFINIDO|Activo||
 LIMA.01.166906|0489||||MINORISTAS|Bodega|||010101|19|08-NO DEFINIDO|Activo||
 LIMA.01.166906|0490||||MINORISTAS|Bodega|||010101|19|08-NO DEFINIDO|Activo||
 LIMA.01.166906|0491||||MINORISTAS|Bodega|||010101|16|08-NO DEFINIDO|Activo||
 LIMA.01.166906|0492||||MINORISTAS|Bodega|||010101|16|08-NO DEFINIDO|Activo||
 LIMA.01.166906|0493||||MINORISTAS|Bodega|||010101|5|08-NO DEFINIDO|Activo||
 LIMA.01.166906|0494||||MINORISTAS|Bodega|||010101|16|08-NO DEFINIDO|Activo||
 LIMA.01.166906|0495||||MINORISTAS|Bodega|||010101|16|08-NO DEFINIDO|Activo||
 LIMA.01.166906|0496||||MINORISTAS|Bodega|||010101|16|08-NO DEFINIDO|Activo||
 LIMA.01.166906|0497||||MINORISTAS|Bodega|||010101|16|08-NO DEFINIDO|Activo||
 LIMA.01.166906|0498||||MINORISTAS|Bodega|||010101|16|08-NO DEFINIDO|Activo||
 LIMA.01.166906|0499||||MINORISTAS|Bodega|||010101|16|08-NO DEFINIDO|Activo||
 LIMA.01.166906|0500||||MINORISTAS|Bodega|||010101|5|08-NO DEFINIDO|Activo||
 LIMA.01.166906|0501||||MINORISTAS|Bodega|||010101|5|08-NO DEFINIDO|Activo||
 LIMA.01.166906|0502||||MINORISTAS|Bodega|||010101|5|08-NO DEFINIDO|Activo||
 LIMA.01.166906|0503||||MINORISTAS|Bodega|||010101|16|08-NO DEFINIDO|Activo||
 LIMA.01.166906|0504||||MINORISTAS|Bodega|||010101|16|08-NO DEFINIDO|Activo||
 LIMA.01.166906|0505||||MINORISTAS|Bodega|||010101|16|08-NO DEFINIDO|Activo||
 LIMA.01.166906|0506||||MINORISTAS|Bodega|||010101|5|08-NO DEFINIDO|Activo||
 LIMA.01.166906|0507||||MINORISTAS|Bodega|||010101|16|08-NO DEFINIDO|Activo||
 LIMA.01.166906|0508||||MINORISTAS|Bodega|||010101|16|08-NO DEFINIDO|Activo||
 LIMA.01.166906|0509||||MINORISTAS|Bodega|||010101|19|08-NO DEFINIDO|Activo||
 LIMA.01.166906|0510||||MINORISTAS|Bodega|||010101|19|08-NO DEFINIDO|Activo||
 LIMA.01.166906|0511||||MINORISTAS|Bodega|||010101|16|08-NO DEFINIDO|Activo||
 LIMA.01.166906|0512||||MINORISTAS|Bodega|||010101|16|08-NO DEFINIDO|Activo||
 LIMA.01.166906|0513||||MINORISTAS|Bodega|||010101|19|08-NO DEFINIDO|Activo||
 LIMA.01.166906|0514||||MINORISTAS|Bodega|||010101|16|08-NO DEFINIDO|Activo||
 LIMA.01.166906|0515||||MINORISTAS|Bodega|||010101|16|08-NO DEFINIDO|Activo||
 LIMA.01.166906|0516||||MINORISTAS|Bodega|||010101|16|08-NO DEFINIDO|Activo||
 LIMA.01.166906|0517||||MINORISTAS|Bodega|||010101|19|08-NO DEFINIDO|Activo||
 LIMA.01.166906|0518||||MINORISTAS|Bodega|||010101|19|08-NO DEFINIDO|Activo||
 LIMA.01.166906|0519||||MINORISTAS|Bodega|||010101|16|08-NO DEFINIDO|Activo||
 LIMA.01.166906|0520||||MINORISTAS|Bodega|||010101|16|08-NO DEFINIDO|Activo||
 LIMA.01.166906|0521||||MINORISTAS|Bodega|||010101|16|08-NO DEFINIDO|Activo||
 LIMA.01.166906|0522||||MINORISTAS|Bodega|||010101|16|08-NO DEFINIDO|Activo||
 LIMA.01.166906|0523||||MINORISTAS|Bodega|||010101|5|08-NO DEFINIDO|Activo||
 LIMA.01.166906|0524||||MINORISTAS|Bodega|||010101|5|08-NO DEFINIDO|Activo||
 LIMA.01.166906|0525||||MINORISTAS|Bodega|||010101|5|08-NO DEFINIDO|Activo||
 LIMA.01.166906|0526||||MINORISTAS|Bodega|||010101|5|08-NO DEFINIDO|Activo||
 LIMA.01.166906|0527||||MINORISTAS|Bodega|||010101|5|08-NO DEFINIDO|Activo||
 LIMA.01.166906|0528||||MINORISTAS|Bodega|||010101|5|08-NO DEFINIDO|Activo||
 LIMA.01.166906|0529||||MINORISTAS|Bodega|||010101|5|08-NO DEFINIDO|Activo||
 LIMA.01.166906|0530||||MINORISTAS|Bodega|||010101|16|08-NO DEFINIDO|Activo||
 LIMA.01.166906|0531||||MINORISTAS|Bodega|||010101|5|08-NO DEFINIDO|Activo||
 LIMA.01.166906|0532||||MINORISTAS|Bodega|||010101|5|08-NO DEFINIDO|Activo||
 LIMA.01.166906|0533||||MINORISTAS|Bodega|||010101|5|08-NO DEFINIDO|Activo||
 LIMA.01.166906|0534||||MINORISTAS|Bodega|||010101|16|08-NO DEFINIDO|Activo||
 LIMA.01.166906|0535||||MINORISTAS|Bodega|||010101|19|08-NO DEFINIDO|Activo||
 LIMA.01.166906|0536||||MINORISTAS|Bodega|||010101|19|08-NO DEFINIDO|Activo||
 LIMA.01.166906|0537||||MINORISTAS|Bodega|||010101|19|08-NO DEFINIDO|Activo||
 LIMA.01.166906|0538||||MINORISTAS|Bodega|||010101|16|08-NO DEFINIDO|Activo||
 LIMA.01.166906|0539||||MINORISTAS|Bodega|||010101|16|08-NO DEFINIDO|Activo||
 LIMA.01.166906|0540||||MINORISTAS|Bodega|||010101|16|08-NO DEFINIDO|Activo||
 LIMA.01.166906|0541||||MINORISTAS|Bodega|||010101|16|08-NO DEFINIDO|Activo||
 LIMA.01.166906|0542||||MINORISTAS|Bodega|||010101|19|08-NO DEFINIDO|Activo||
 LIMA.01.166906|0543||||MINORISTAS|Bodega|||010101|16|08-NO DEFINIDO|Activo||
 LIMA.01.166906|0544||||MINORISTAS|Bodega|||010101|16|08-NO DEFINIDO|Activo||
 LIMA.01.166906|0545||||MINORISTAS|Bodega|||010101|16|08-NO DEFINIDO|Activo||
 LIMA.01.166906|0546||||MINORISTAS|Bodega|||010101|16|08-NO DEFINIDO|Activo||
 LIMA.01.166906|0547||||MINORISTAS|Bodega|||010101|16|08-NO DEFINIDO|Activo||
 LIMA.01.166906|0548||||MINORISTAS|Bodega|||010101|16|08-NO DEFINIDO|Activo||
 LIMA.01.166906|0549||||MINORISTAS|Bodega|||010101|5|08-NO DEFINIDO|Activo||
 LIMA.01.166906|0550||||MINORISTAS|Bodega|||010101|5|08-NO DEFINIDO|Activo||
 LIMA.01.166906|0551||||MINORISTAS|Bodega|||010101|5|08-NO DEFINIDO|Activo||
 LIMA.01.166906|0552||||MINORISTAS|Bodega|||010101|5|08-NO DEFINIDO|Activo||
 LIMA.01.166906|0553||||MINORISTAS|Bodega|||010101|5|08-NO DEFINIDO|Activo||
 LIMA.01.166906|0554||||MINORISTAS|Bodega|||010101|5|08-NO DEFINIDO|Activo||
 LIMA.01.166906|0555||||MINORISTAS|Bodega|||010101|19|08-NO DEFINIDO|Activo||
 LIMA.01.166906|0556||||MINORISTAS|Bodega|||010101|5|08-NO DEFINIDO|Activo||
 LIMA.01.166906|0557||||MINORISTAS|Bodega|||010101|16|08-NO DEFINIDO|Activo||
 LIMA.01.166906|0558||||MINORISTAS|Bodega|||010101|16|08-NO DEFINIDO|Activo||
 LIMA.01.166906|0559||||MINORISTAS|Bodega|||010101|5|08-NO DEFINIDO|Activo||
 LIMA.01.166906|0560||||MINORISTAS|Bodega|||010101|16|08-NO DEFINIDO|Activo||
 LIMA.01.166906|0561||||MINORISTAS|Bodega|||010101|5|08-NO DEFINIDO|Activo||
 LIMA.01.166906|0562||||MINORISTAS|Bodega|||010101|5|08-NO DEFINIDO|Activo||
 LIMA.01.166906|0563||||MINORISTAS|Bodega|||010101|5|08-NO DEFINIDO|Activo||
 LIMA.01.166906|0564||||MINORISTAS|Bodega|||010101|16|08-NO DEFINIDO|Activo||
 LIMA.01.166906|0565||||MINORISTAS|Bodega|||010101|16|08-NO DEFINIDO|Activo||
 LIMA.01.166906|0566||||MINORISTAS|Bodega|||010101|16|08-NO DEFINIDO|Activo||
 LIMA.01.166906|0567||||MINORISTAS|Bodega|||010101|19|08-NO DEFINIDO|Activo||
 LIMA.01.166906|0568||||MINORISTAS|Bodega|||010101|16|08-NO DEFINIDO|Activo||
 LIMA.01.166906|0569||||MINORISTAS|Bodega|||010101|16|08-NO DEFINIDO|Activo||
 LIMA.01.166906|0570||||MINORISTAS|Bodega|||010101|16|08-NO DEFINIDO|Activo||
 LIMA.01.166906|0571||||MINORISTAS|Bodega|||010101|16|08-NO DEFINIDO|Activo||
 LIMA.01.166906|0572||||MINORISTAS|Bodega|||010101|16|08-NO DEFINIDO|Activo||
 LIMA.01.166906|0573||||MINORISTAS|Bodega|||010101|16|08-NO DEFINIDO|Activo||
 LIMA.01.166906|0574||||MINORISTAS|Bodega|||010101|5|08-NO DEFINIDO|Activo||
 LIMA.01.166906|0575||||MINORISTAS|Bodega|||010101|19|08-NO DEFINIDO|Activo||
 LIMA.01.166906|0576||||MINORISTAS|Bodega|||010101|16|08-NO DEFINIDO|Activo||
 LIMA.01.166906|0577||||MINORISTAS|Bodega|||010101|16|08-NO DEFINIDO|Activo||
 LIMA.01.166906|0578||||MINORISTAS|Bodega|||010101|16|08-NO DEFINIDO|Activo||
 LIMA.01.166906|0579||||MINORISTAS|Bodega|||010101|16|08-NO DEFINIDO|Activo||
 LIMA.01.166906|0580||||MINORISTAS|Bodega|||010101|19|08-NO DEFINIDO|Activo||
 LIMA.01.166906|0581||||MINORISTAS|Bodega|||010101|16|08-NO DEFINIDO|Activo||
 LIMA.01.166906|0582||||MINORISTAS|Bodega|||010101|5|08-NO DEFINIDO|Activo||
 LIMA.01.166906|0583||||MINORISTAS|Bodega|||010101|5|08-NO DEFINIDO|Activo||
 LIMA.01.166906|0584||||MINORISTAS|Bodega|||010101|16|08-NO DEFINIDO|Activo||
 LIMA.01.166906|0585||||MINORISTAS|Bodega|||010101|16|08-NO DEFINIDO|Activo||
 LIMA.01.166906|0586||||MINORISTAS|Bodega|||010101|5|08-NO DEFINIDO|Activo||
 LIMA.01.166906|0587||||MINORISTAS|Bodega|||010101|16|08-NO DEFINIDO|Activo||
 LIMA.01.166906|0588||||MINORISTAS|Bodega|||010101|16|08-NO DEFINIDO|Activo||
 LIMA.01.166906|0589||||MINORISTAS|Bodega|||010101|5|08-NO DEFINIDO|Activo||
 LIMA.01.166906|0590||||MINORISTAS|Bodega|||010101|5|08-NO DEFINIDO|Activo||
 LIMA.01.166906|0591||||MINORISTAS|Bodega|||010101|16|08-NO DEFINIDO|Activo||
 LIMA.01.166906|0592||||MINORISTAS|Bodega|||010101|19|08-NO DEFINIDO|Activo||
 LIMA.01.166906|0593||||MINORISTAS|Bodega|||010101|16|08-NO DEFINIDO|Activo||
 LIMA.01.166906|0594||||MINORISTAS|Bodega|||010101|16|08-NO DEFINIDO|Activo||
 LIMA.01.166906|0595||||MINORISTAS|Bodega|||010101|16|08-NO DEFINIDO|Activo||
 LIMA.01.166906|0596||||MINORISTAS|Bodega|||010101|5|08-NO DEFINIDO|Activo||
 LIMA.01.166906|0597||||MINORISTAS|Bodega|||010101|5|08-NO DEFINIDO|Activo||
 LIMA.01.166906|0598||||MINORISTAS|Bodega|||010101|5|08-NO DEFINIDO|Activo||
 LIMA.01.166906|0599||||MINORISTAS|Bodega|||010101|16|08-NO DEFINIDO|Activo||
 LIMA.01.166906|0600||||MINORISTAS|Bodega|||010101|16|08-NO DEFINIDO|Activo||
 LIMA.01.166906|0601||||MINORISTAS|Bodega|||010101|16|08-NO DEFINIDO|Activo||
 LIMA.01.166906|0602||||MINORISTAS|Bodega|||010101|16|08-NO DEFINIDO|Activo||
 LIMA.01.166906|0603||||MINORISTAS|Bodega|||010101|16|08-NO DEFINIDO|Activo||
 LIMA.01.166906|0604||||MINORISTAS|Bodega|||010101|16|08-NO DEFINIDO|Activo||
 LIMA.01.166906|0605||||MINORISTAS|Bodega|||010101|16|08-NO DEFINIDO|Activo||
 LIMA.01.166906|0606||||MINORISTAS|Bodega|||010101|16|08-NO DEFINIDO|Activo||
 LIMA.01.166906|0607||||MINORISTAS|Bodega|||010101|16|08-NO DEFINIDO|Activo||
 LIMA.01.166906|0608||||MINORISTAS|Bodega|||010101|16|08-NO DEFINIDO|Activo||
 LIMA.01.166906|0609||||MINORISTAS|Bodega|||010101|16|08-NO DEFINIDO|Activo||
 LIMA.01.166906|0610||||MINORISTAS|Bodega|||010101|19|08-NO DEFINIDO|Activo||
 LIMA.01.166906|0611||||MINORISTAS|Bodega|||010101|5|08-NO DEFINIDO|Activo||
 LIMA.01.166906|0612||||MINORISTAS|Bodega|||010101|16|08-NO DEFINIDO|Activo||
 LIMA.01.166906|0613||||MINORISTAS|Bodega|||010101|16|08-NO DEFINIDO|Activo||
 LIMA.01.166906|0614||||MINORISTAS|Bodega|||010101|16|08-NO DEFINIDO|Activo||
 LIMA.01.166906|0615||||MINORISTAS|Bodega|||010101|16|08-NO DEFINIDO|Activo||
 LIMA.01.166906|0616||||MINORISTAS|Bodega|||010101|16|08-NO DEFINIDO|Activo||
 LIMA.01.166906|0617||||MINORISTAS|Bodega|||010101|5|08-NO DEFINIDO|Activo||
 LIMA.01.166906|0618||||MINORISTAS|Bodega|||010101|16|08-NO DEFINIDO|Activo||
 LIMA.01.166906|0619||||MINORISTAS|Bodega|||010101|16|08-NO DEFINIDO|Activo||
 LIMA.01.166906|0620||||MINORISTAS|Bodega|||010101|5|08-NO DEFINIDO|Activo||
 LIMA.01.166906|0621||||MINORISTAS|Bodega|||010101|16|08-NO DEFINIDO|Activo||
 LIMA.01.166906|0622||||MINORISTAS|Bodega|||010101|16|08-NO DEFINIDO|Activo||
 LIMA.01.166906|0623||||MINORISTAS|Bodega|||010101|16|08-NO DEFINIDO|Activo||
 LIMA.01.166906|0624||||MINORISTAS|Bodega|||010101|16|08-NO DEFINIDO|Activo||
 LIMA.01.166906|0625||||MINORISTAS|Bodega|||010101|16|08-NO DEFINIDO|Activo||
 LIMA.01.166906|0626||||MINORISTAS|Bodega|||010101|16|08-NO DEFINIDO|Activo||
 LIMA.01.166906|0627||||MINORISTAS|Bodega|||010101|16|08-NO DEFINIDO|Activo||
 LIMA.01.166906|0628||||MINORISTAS|Bodega|||010101|16|08-NO DEFINIDO|Activo||
 LIMA.01.166906|0629||||MINORISTAS|Bodega|||010101|5|08-NO DEFINIDO|Activo||
 LIMA.01.166906|0630||||MINORISTAS|Bodega|||010101|16|08-NO DEFINIDO|Activo||
 LIMA.01.166906|0631||||MINORISTAS|Bodega|||010101|5|08-NO DEFINIDO|Activo||
 LIMA.01.166906|0632||||MINORISTAS|Bodega|||010101|16|08-NO DEFINIDO|Activo||
 LIMA.01.166906|0633||||MINORISTAS|Bodega|||010101|16|08-NO DEFINIDO|Activo||
 LIMA.01.166906|0634||||MINORISTAS|Bodega|||010101|16|08-NO DEFINIDO|Activo||
 LIMA.01.166906|0635||||MINORISTAS|Bodega|||010101|16|08-NO DEFINIDO|Activo||
 LIMA.01.166906|0636||||MINORISTAS|Bodega|||010101|16|08-NO DEFINIDO|Activo||
 LIMA.01.166906|0637||||MINORISTAS|Bodega|||010101|5|08-NO DEFINIDO|Activo||
 LIMA.01.166906|0638||||MINORISTAS|Bodega|||010101|16|08-NO DEFINIDO|Activo||
 LIMA.01.166906|0639||||MINORISTAS|Bodega|||010101|16|08-NO DEFINIDO|Activo||
 LIMA.01.166906|0640||||MINORISTAS|Bodega|||010101|5|08-NO DEFINIDO|Activo||
 LIMA.01.166906|0641||||MINORISTAS|Bodega|||010101|16|08-NO DEFINIDO|Activo||
 LIMA.01.166906|0642||||MINORISTAS|Bodega|||010101|16|08-NO DEFINIDO|Activo||
 LIMA.01.166906|0643||||MINORISTAS|Bodega|||010101|16|08-NO DEFINIDO|Activo||
 LIMA.01.166906|0644||||MINORISTAS|Bodega|||010101|16|08-NO DEFINIDO|Activo||
 LIMA.01.166906|0645||||MINORISTAS|Bodega|||010101|16|08-NO DEFINIDO|Activo||
 LIMA.01.166906|0646||||MINORISTAS|Bodega|||010101|5|08-NO DEFINIDO|Activo||
 LIMA.01.166906|0647||||MINORISTAS|Bodega|||010101|16|08-NO DEFINIDO|Activo||
 LIMA.01.166906|0648||||MINORISTAS|Bodega|||010101|16|08-NO DEFINIDO|Activo||
 LIMA.01.166906|0649||||MINORISTAS|Bodega|||010101|16|08-NO DEFINIDO|Activo||
 LIMA.01.166906|0650||||MINORISTAS|Bodega|||010101|16|08-NO DEFINIDO|Activo||
 LIMA.01.166906|0651||||MINORISTAS|Bodega|||010101|16|08-NO DEFINIDO|Activo||
 LIMA.01.166906|0652||||MINORISTAS|Bodega|||010101|16|08-NO DEFINIDO|Activo||
 LIMA.01.166906|0653||||MINORISTAS|Bodega|||010101|16|08-NO DEFINIDO|Activo||
 LIMA.01.166906|0654||||MINORISTAS|Bodega|||010101|16|08-NO DEFINIDO|Activo||
 LIMA.01.166906|0655||||MINORISTAS|Bodega|||010101|16|08-NO DEFINIDO|Activo||
 LIMA.01.166906|0656||||MINORISTAS|Bodega|||010101|16|08-NO DEFINIDO|Activo||
 LIMA.01.166906|0657||||MINORISTAS|Bodega|||010101|5|08-NO DEFINIDO|Activo||
 LIMA.01.166906|0658||||MINORISTAS|Bodega|||010101|16|08-NO DEFINIDO|Activo||
 LIMA.01.166906|0659||||MINORISTAS|Bodega|||010101|16|08-NO DEFINIDO|Activo||
 LIMA.01.166906|0660||||MINORISTAS|Bodega|||010101|16|08-NO DEFINIDO|Activo||
 LIMA.01.166906|0661||||MINORISTAS|Bodega|||010101|16|08-NO DEFINIDO|Activo||
 LIMA.01.166906|0662||||MINORISTAS|Bodega|||010101|16|08-NO DEFINIDO|Activo||
 LIMA.01.166906|0663||||MINORISTAS|Bodega|||010101|5|08-NO DEFINIDO|Activo||
 LIMA.01.166906|0664||||MINORISTAS|Bodega|||010101|16|08-NO DEFINIDO|Activo||
 LIMA.01.166906|0665||||MINORISTAS|Bodega|||010101|19|08-NO DEFINIDO|Activo||
 LIMA.01.166906|0666||||MINORISTAS|Bodega|||010101|16|08-NO DEFINIDO|Activo||
 LIMA.01.166906|0667||||MINORISTAS|Bodega|||010101|16|08-NO DEFINIDO|Activo||
 LIMA.01.166906|0668||||MINORISTAS|Bodega|||010101|16|08-NO DEFINIDO|Activo||
 LIMA.01.166906|0669||||MINORISTAS|Bodega|||010101|16|08-NO DEFINIDO|Activo||
 LIMA.01.166906|0670||||MINORISTAS|Bodega|||010101|16|08-NO DEFINIDO|Activo||
 LIMA.01.166906|0671||||MINORISTAS|Bodega|||010101|16|08-NO DEFINIDO|Activo||
 LIMA.01.166906|0672||||MINORISTAS|Bodega|||010101|16|08-NO DEFINIDO|Activo||
 LIMA.01.166906|0673||||MINORISTAS|Bodega|||010101|16|08-NO DEFINIDO|Activo||
 LIMA.01.166906|0674||||MINORISTAS|Bodega|||010101|16|08-NO DEFINIDO|Activo||
 LIMA.01.166906|0675||||MINORISTAS|Bodega|||010101|16|08-NO DEFINIDO|Activo||
 LIMA.01.166906|0676||||MINORISTAS|Bodega|||010101|16|08-NO DEFINIDO|Activo||
 LIMA.01.166906|0677||||MINORISTAS|Bodega|||010101|19|08-NO DEFINIDO|Activo||
 LIMA.01.166906|0678||||MINORISTAS|Bodega|||010101|16|08-NO DEFINIDO|Activo||
 LIMA.01.166906|0679||||MINORISTAS|Bodega|||010101|16|08-NO DEFINIDO|Activo||
 LIMA.01.166906|0680||||CLIENTES BONIFICACION|Bodega|||010101|9|08-NO DEFINIDO|Activo||
 LIMA.01.166906|0681||||MINORISTAS|Bodega|||010101|16|08-NO DEFINIDO|Activo||
 LIMA.01.166906|0682||||MINORISTAS|Bodega|||010101|16|08-NO DEFINIDO|Activo||
 LIMA.01.166906|0683||||MINORISTAS|Bodega|||010101|16|08-NO DEFINIDO|Activo||
 LIMA.01.166906|0684||||MINORISTAS|Bodega|||010101|16|08-NO DEFINIDO|Activo||
 LIMA.01.166906|0685||||MINORISTAS|Bodega|||010101|16|08-NO DEFINIDO|Activo||
 LIMA.01.166906|0686||||MINORISTAS|Bodega|||010101|16|08-NO DEFINIDO|Activo||
 LIMA.01.166906|0687||||MINORISTAS|Bodega|||010101|5|08-NO DEFINIDO|Activo||
 LIMA.01.166906|0688||||MINORISTAS|Bodega|||010101|16|08-NO DEFINIDO|Activo||
 LIMA.01.166906|0689||||MINORISTAS|Bodega|||010101|5|08-NO DEFINIDO|Activo||
 LIMA.01.166906|0690||||MINORISTAS|Bodega|||010101|16|08-NO DEFINIDO|Activo||
 LIMA.01.166906|0691||||MINORISTAS|Bodega|||010101|16|08-NO DEFINIDO|Activo||
 LIMA.01.166906|0692||||MINORISTAS|Bodega|||010101|16|08-NO DEFINIDO|Activo||
 LIMA.01.166906|0693||||MINORISTAS|Bodega|||010101|16|08-NO DEFINIDO|Activo||
 LIMA.01.166906|0694||||MINORISTAS|Bodega|||010101|16|08-NO DEFINIDO|Activo||
 LIMA.01.166906|0695||||MINORISTAS|Bodega|||010101|16|08-NO DEFINIDO|Activo||
 LIMA.01.166906|0696||||MINORISTAS|Bodega|||010101|16|08-NO DEFINIDO|Activo||
 LIMA.01.166906|0697||||MINORISTAS|Bodega|||010101|16|08-NO DEFINIDO|Activo||
 LIMA.01.166906|0698||||MINORISTAS|Bodega|||010101|5|08-NO DEFINIDO|Activo||
 LIMA.01.166906|0699||||MINORISTAS|Bodega|||010101|5|08-NO DEFINIDO|Activo||
 LIMA.01.166906|0700||||MINORISTAS|Bodega|||010101|16|08-NO DEFINIDO|Activo||
 LIMA.01.166906|0701||||MINORISTAS|Bodega|||010101|5|08-NO DEFINIDO|Activo||
 LIMA.01.166906|0702||||MINORISTAS|Bodega|||010101|16|08-NO DEFINIDO|Activo||
 LIMA.01.166906|0703||||MINORISTAS|Bodega|||010101|16|08-NO DEFINIDO|Activo||
 LIMA.01.166906|0704||||MINORISTAS|Bodega|||010101|16|08-NO DEFINIDO|Activo||
 LIMA.01.166906|0705||||MINORISTAS|Bodega|||010101|16|08-NO DEFINIDO|Activo||
 LIMA.01.166906|0706||||MINORISTAS|Bodega|||010101|16|08-NO DEFINIDO|Activo||
 LIMA.01.166906|0707||||MINORISTAS|Bodega|||010101|16|08-NO DEFINIDO|Activo||
 LIMA.01.166906|0708||||MINORISTAS|Bodega|||010101|16|08-NO DEFINIDO|Activo||
 LIMA.01.166906|0709||||MINORISTAS|Bodega|||010101|16|08-NO DEFINIDO|Activo||
 LIMA.01.166906|0710||||MINORISTAS|Bodega|||010101|16|08-NO DEFINIDO|Activo||
 LIMA.01.166906|0711||||MINORISTAS|Bodega|||010101|16|08-NO DEFINIDO|Activo||
 LIMA.01.166906|0712||||MINORISTAS|Bodega|||010101|16|08-NO DEFINIDO|Activo||
 LIMA.01.166906|0713||||MINORISTAS|Bodega|||010101|5|08-NO DEFINIDO|Activo||
 LIMA.01.166906|0714||||MINORISTAS|Bodega|||010101|19|08-NO DEFINIDO|Activo||
 LIMA.01.166906|0715||||MINORISTAS|Bodega|||010101|16|08-NO DEFINIDO|Activo||
 LIMA.01.166906|0716||||MINORISTAS|Bodega|||010101|5|08-NO DEFINIDO|Activo||
 LIMA.01.166906|0717||||MINORISTAS|Bodega|||010101|5|08-NO DEFINIDO|Activo||
 LIMA.01.166906|0718||||MINORISTAS|Bodega|||010101|16|08-NO DEFINIDO|Activo||
 LIMA.01.166906|0719||||MINORISTAS|Bodega|||010101|16|08-NO DEFINIDO|Activo||
 LIMA.01.166906|0720||||MINORISTAS|Bodega|||010101|16|08-NO DEFINIDO|Activo||
 LIMA.01.166906|0721||||MINORISTAS|Bodega|||010101|16|08-NO DEFINIDO|Activo||
 LIMA.01.166906|0722||||MINORISTAS|Bodega|||010101|16|08-NO DEFINIDO|Activo||
 LIMA.01.166906|0723||||MINORISTAS|Bodega|||010101|16|08-NO DEFINIDO|Activo||
 LIMA.01.166906|0724||||MINORISTAS|Bodega|||010101|5|08-NO DEFINIDO|Activo||
 LIMA.01.166906|0725||||MINORISTAS|Bodega|||010101|19|08-NO DEFINIDO|Activo||
 LIMA.01.166906|0726||||MINORISTAS|Bodega|||010101|19|08-NO DEFINIDO|Activo||
 LIMA.01.166906|0727||||MINORISTAS|Bodega|||010101|19|08-NO DEFINIDO|Activo||
 LIMA.01.166906|0728||||MINORISTAS|Bodega|||010101|19|08-NO DEFINIDO|Activo||
 LIMA.01.166906|0729||||MINORISTAS|Bodega|||010101|19|08-NO DEFINIDO|Activo||
 LIMA.01.166906|0730||||MINORISTAS|Bodega|||010101|19|08-NO DEFINIDO|Activo||
 LIMA.01.166906|0731||||MINORISTAS|Bodega|||010101|16|08-NO DEFINIDO|Activo||
 LIMA.01.166906|0732||||MINORISTAS|Bodega|||010101|19|08-NO DEFINIDO|Activo||
 LIMA.01.166906|0733||||MINORISTAS|Bodega|||010101|16|08-NO DEFINIDO|Activo||
 LIMA.01.166906|0734||||MINORISTAS|Bodega|||010101|16|08-NO DEFINIDO|Activo||
 LIMA.01.166906|0735||||MINORISTAS|Bodega|||010101|19|08-NO DEFINIDO|Activo||
 LIMA.01.166906|0736||||MINORISTAS|Bodega|||010101|16|08-NO DEFINIDO|Activo||
 LIMA.01.166906|0737||||MINORISTAS|Bodega|||010101|16|08-NO DEFINIDO|Activo||
 LIMA.01.166906|0738||||MINORISTAS|Bodega|||010101|16|08-NO DEFINIDO|Activo||
 LIMA.01.166906|0739||||MINORISTAS|Bodega|||010101|5|08-NO DEFINIDO|Activo||
 LIMA.01.166906|0740||||MINORISTAS|Bodega|||010101|16|08-NO DEFINIDO|Activo||
 LIMA.01.166906|0741||||MINORISTAS|Bodega|||010101|16|08-NO DEFINIDO|Activo||
 LIMA.01.166906|0742||||MINORISTAS|Bodega|||010101|16|08-NO DEFINIDO|Activo||
 LIMA.01.166906|0743||||MINORISTAS|Bodega|||010101|19|08-NO DEFINIDO|Activo||
 LIMA.01.166906|0744||||MINORISTAS|Bodega|||010101|19|08-NO DEFINIDO|Activo||
 LIMA.01.166906|0745||||MINORISTAS|Bodega|||010101|16|08-NO DEFINIDO|Activo||
 LIMA.01.166906|0746||||MINORISTAS|Bodega|||010101|5|08-NO DEFINIDO|Activo||
 LIMA.01.166906|0747||||MINORISTAS|Bodega|||010101|16|08-NO DEFINIDO|Activo||
 LIMA.01.166906|0748||||MINORISTAS|Bodega|||010101|5|08-NO DEFINIDO|Activo||
 LIMA.01.166906|0749||||MINORISTAS|Bodega|||010101|16|08-NO DEFINIDO|Activo||
 LIMA.01.166906|0750||||MINORISTAS|Bodega|||010101|16|08-NO DEFINIDO|Activo||
 LIMA.01.166906|0751||||MINORISTAS|Bodega|||010101|16|08-NO DEFINIDO|Activo||
 LIMA.01.166906|0752||||MINORISTAS|Bodega|||010101|5|08-NO DEFINIDO|Activo||
 LIMA.01.166906|0753||||MINORISTAS|Bodega|||010101|5|08-NO DEFINIDO|Activo||
 LIMA.01.166906|0754||||MINORISTAS|Bodega|||010101|5|08-NO DEFINIDO|Activo||
 LIMA.01.166906|0755||||MINORISTAS|Bodega|||010101|19|08-NO DEFINIDO|Activo||
 LIMA.01.166906|0756||||MINORISTAS|Bodega|||010101|16|08-NO DEFINIDO|Activo||
 LIMA.01.166906|0757||||MINORISTAS|Bodega|||010101|16|08-NO DEFINIDO|Activo||
 LIMA.01.166906|0758||||MINORISTAS|Bodega|||010101|5|08-NO DEFINIDO|Activo||
 LIMA.01.166906|0759||||MINORISTAS|Bodega|||010101|5|08-NO DEFINIDO|Activo||
 LIMA.01.166906|0760||||MINORISTAS|Bodega|||010101|5|08-NO DEFINIDO|Activo||
 LIMA.01.166906|0761||||MINORISTAS|Bodega|||010101|16|08-NO DEFINIDO|Activo||
 LIMA.01.166906|0762||||MINORISTAS|Bodega|||010101|5|08-NO DEFINIDO|Activo||
 LIMA.01.166906|0763||||MINORISTAS|Bodega|||010101|19|08-NO DEFINIDO|Activo||
 LIMA.01.166906|0764||||MINORISTAS|Bodega|||010101|19|08-NO DEFINIDO|Activo||
 LIMA.01.166906|0765||||MINORISTAS|Bodega|||010101|16|08-NO DEFINIDO|Activo||
 LIMA.01.166906|0766||||MINORISTAS|Bodega|||010101|5|08-NO DEFINIDO|Activo||
 LIMA.01.166906|0767||||MINORISTAS|Bodega|||010101|19|08-NO DEFINIDO|Activo||
 LIMA.01.166906|0768||||MINORISTAS|Bodega|||010101|16|08-NO DEFINIDO|Activo||
 LIMA.01.166906|0769||||MINORISTAS|Bodega|||010101|16|08-NO DEFINIDO|Activo||
 LIMA.01.166906|0770||||MINORISTAS|Bodega|||010101|5|08-NO DEFINIDO|Activo||
 LIMA.01.166906|0771||||MINORISTAS|Bodega|||010101|16|08-NO DEFINIDO|Activo||
 LIMA.01.166906|0772||||MINORISTAS|Bodega|||010101|16|08-NO DEFINIDO|Activo||
 LIMA.01.166906|0773||||MINORISTAS|Bodega|||010101|5|08-NO DEFINIDO|Activo||
 LIMA.01.166906|0774||||MINORISTAS|Bodega|||010101|5|08-NO DEFINIDO|Activo||
 LIMA.01.166906|0775||||MINORISTAS|Bodega|||010101|5|08-NO DEFINIDO|Activo||
 LIMA.01.166906|0776||||MINORISTAS|Bodega|||010101|16|08-NO DEFINIDO|Activo||
 LIMA.01.166906|0777||||MINORISTAS|Bodega|||010101|16|08-NO DEFINIDO|Activo||
 LIMA.01.166906|0778||||MINORISTAS|Bodega|||010101|5|08-NO DEFINIDO|Activo||
 LIMA.01.166906|0779||||MINORISTAS|Bodega|||010101|16|08-NO DEFINIDO|Activo||
 LIMA.01.166906|0780||||MINORISTAS|Bodega|||010101|16|08-NO DEFINIDO|Activo||
 LIMA.01.166906|0781||||MINORISTAS|Bodega|||010101|16|08-NO DEFINIDO|Activo||
 LIMA.01.166906|0782||||MINORISTAS|Bodega|||010101|16|08-NO DEFINIDO|Activo||
 LIMA.01.166906|0783||||MINORISTAS|Bodega|||010101|16|08-NO DEFINIDO|Activo||
 LIMA.01.166906|0784||||MINORISTAS|Bodega|||010101|16|08-NO DEFINIDO|Activo||
 LIMA.01.166906|0785||||MINORISTAS|Bodega|||010101|16|08-NO DEFINIDO|Activo||
 LIMA.01.166906|0786||||MINORISTAS|Bodega|||010101|16|08-NO DEFINIDO|Activo||
 LIMA.01.166906|0787||||MINORISTAS|Bodega|||010101|16|08-NO DEFINIDO|Activo||
 LIMA.01.166906|0788||||MINORISTAS|Bodega|||010101|16|08-NO DEFINIDO|Activo||
 LIMA.01.166906|0789||||MINORISTAS|Bodega|||010101|16|08-NO DEFINIDO|Activo||
 LIMA.01.166906|0790||||MINORISTAS|Bodega|||010101|16|08-NO DEFINIDO|Activo||
 LIMA.01.166906|0791||||MINORISTAS|Bodega|||010101|16|08-NO DEFINIDO|Activo||
 LIMA.01.166906|0792||||MINORISTAS|Bodega|||010101|16|08-NO DEFINIDO|Activo||
 LIMA.01.166906|0793||||MINORISTAS|Bodega|||010101|16|08-NO DEFINIDO|Activo||
 LIMA.01.166906|0794||||MINORISTAS|Bodega|||010101|16|08-NO DEFINIDO|Activo||
 LIMA.01.166906|0796||||MINORISTAS|Bodega|||010101|16|08-NO DEFINIDO|Activo||
 LIMA.01.166906|0797||||MINORISTAS|Bodega|||010101|16|08-NO DEFINIDO|Activo||
 LIMA.01.166906|0798||||MINORISTAS|Bodega|||010101|16|08-NO DEFINIDO|Activo||
 LIMA.01.166906|0799||||MINORISTAS|Bodega|||010101|16|08-NO DEFINIDO|Activo||
 LIMA.01.166906|0800||||MINORISTAS|Bodega|||010101|19|08-NO DEFINIDO|Activo||
 LIMA.01.166906|0801||||MINORISTAS|Bodega|||010101|16|08-NO DEFINIDO|Activo||
 LIMA.01.166906|0802||||MINORISTAS|Bodega|||010101|16|08-NO DEFINIDO|Activo||
 LIMA.01.166906|0803||||MINORISTAS|Bodega|||010101|16|08-NO DEFINIDO|Activo||
 LIMA.01.166906|0804||||MINORISTAS|Bodega|||010101|16|08-NO DEFINIDO|Activo||
 LIMA.01.166906|0805||||MINORISTAS|Bodega|||010101|19|08-NO DEFINIDO|Activo||
 LIMA.01.166906|0806||||MINORISTAS|Bodega|||010101|19|08-NO DEFINIDO|Activo||
 LIMA.01.166906|0807||||MINORISTAS|Bodega|||010101|5|08-NO DEFINIDO|Activo||
 LIMA.01.166906|0808||||MINORISTAS|Bodega|||010101|5|08-NO DEFINIDO|Activo||
 LIMA.01.166906|0809||||MINORISTAS|Bodega|||010101|16|08-NO DEFINIDO|Activo||
 LIMA.01.166906|0810||||MINORISTAS|Bodega|||010101|19|08-NO DEFINIDO|Activo||
 LIMA.01.166906|0811||||MINORISTAS|Bodega|||010101|19|08-NO DEFINIDO|Activo||
 LIMA.01.166906|0812||||MINORISTAS|Bodega|||010101|16|08-NO DEFINIDO|Activo||
 LIMA.01.166906|0813||||MINORISTAS|Bodega|||010101|5|08-NO DEFINIDO|Activo||
 LIMA.01.166906|0814||||MINORISTAS|Bodega|||010101|5|08-NO DEFINIDO|Activo||
 LIMA.01.166906|0815||||MINORISTAS|Bodega|||010101|16|08-NO DEFINIDO|Activo||
 LIMA.01.166906|0816||||MINORISTAS|Bodega|||010101|5|08-NO DEFINIDO|Activo||
 LIMA.01.166906|0817||||MINORISTAS|Bodega|||010101|5|08-NO DEFINIDO|Activo||
 LIMA.01.166906|0818||||MINORISTAS|Bodega|||010101|5|08-NO DEFINIDO|Activo||
 LIMA.01.166906|0819||||MINORISTAS|Bodega|||010101|5|08-NO DEFINIDO|Activo||
 LIMA.01.166906|0820||||MINORISTAS|Bodega|||010101|5|08-NO DEFINIDO|Activo||
 LIMA.01.166906|0821||||MINORISTAS|Bodega|||010101|16|08-NO DEFINIDO|Activo||
 LIMA.01.166906|0822||||MINORISTAS|Bodega|||010101|5|08-NO DEFINIDO|Activo||
 LIMA.01.166906|0823||||MINORISTAS|Bodega|||010101|5|08-NO DEFINIDO|Activo||
 LIMA.01.166906|0824||||MINORISTAS|Bodega|||010101|5|08-NO DEFINIDO|Activo||
 LIMA.01.166906|0825||||MINORISTAS|Bodega|||010101|16|08-NO DEFINIDO|Activo||
 LIMA.01.166906|0826||||MINORISTAS|Bodega|||010101|16|08-NO DEFINIDO|Activo||
 LIMA.01.166906|0827||||MINORISTAS|Bodega|||010101|16|08-NO DEFINIDO|Activo||
 LIMA.01.166906|0828||||MINORISTAS|Bodega|||010101|16|08-NO DEFINIDO|Activo||
 LIMA.01.166906|0829||||MINORISTAS|Bodega|||010101|16|08-NO DEFINIDO|Activo||
 LIMA.01.166906|0830||||MINORISTAS|Bodega|||010101|19|08-NO DEFINIDO|Activo||
 LIMA.01.166906|0831||||MINORISTAS|Bodega|||010101|19|08-NO DEFINIDO|Activo||
 LIMA.01.166906|0832||||MINORISTAS|Bodega|||010101|19|08-NO DEFINIDO|Activo||
 LIMA.01.166906|0833||||MINORISTAS|Bodega|||010101|16|08-NO DEFINIDO|Activo||
 LIMA.01.166906|0834||||MINORISTAS|Bodega|||010101|5|08-NO DEFINIDO|Activo||
 LIMA.01.166906|0835||||MINORISTAS|Bodega|||010101|16|08-NO DEFINIDO|Activo||
 LIMA.01.166906|0836||||MINORISTAS|Bodega|||010101|16|08-NO DEFINIDO|Activo||
 LIMA.01.166906|0837||||MINORISTAS|Bodega|||010101|16|08-NO DEFINIDO|Activo||
 LIMA.01.166906|0838||||MINORISTAS|Bodega|||010101|9|08-NO DEFINIDO|Activo||
 LIMA.01.166906|0839||||MINORISTAS|Bodega|||010101|16|08-NO DEFINIDO|Activo||
 LIMA.01.166906|0840||||MINORISTAS|Bodega|||010101|19|08-NO DEFINIDO|Activo||
 LIMA.01.166906|0841||||MINORISTAS|Bodega|||010101|19|08-NO DEFINIDO|Activo||
 LIMA.01.166906|0842||||MINORISTAS|Bodega|||010101|16|08-NO DEFINIDO|Activo||
 LIMA.01.166906|0843||||MINORISTAS|Bodega|||010101|16|08-NO DEFINIDO|Activo||
 LIMA.01.166906|0844||||MINORISTAS|Bodega|||010101|16|08-NO DEFINIDO|Activo||
 LIMA.01.166906|0845||||MINORISTAS|Bodega|||010101|16|08-NO DEFINIDO|Activo||
 LIMA.01.166906|0846||||MINORISTAS|Bodega|||010101|5|08-NO DEFINIDO|Activo||
 LIMA.01.166906|0847||||MINORISTAS|Bodega|||010101|5|08-NO DEFINIDO|Activo||
 LIMA.01.166906|0848||||MINORISTAS|Bodega|||010101|16|08-NO DEFINIDO|Activo||
 LIMA.01.166906|0849||||MINORISTAS|Bodega|||010101|5|08-NO DEFINIDO|Activo||
 LIMA.01.166906|0850||||MINORISTAS|Bodega|||010101|5|08-NO DEFINIDO|Activo||
 LIMA.01.166906|0851||||MINORISTAS|Bodega|||010101|16|08-NO DEFINIDO|Activo||
 LIMA.01.166906|0852||||MINORISTAS|Bodega|||010101|16|08-NO DEFINIDO|Activo||
 LIMA.01.166906|0853||||MINORISTAS|Bodega|||010101|16|08-NO DEFINIDO|Activo||
 LIMA.01.166906|0854||||MINORISTAS|Bodega|||010101|16|08-NO DEFINIDO|Activo||
 LIMA.01.166906|0855||||MINORISTAS|Bodega|||010101|16|08-NO DEFINIDO|Activo||
 LIMA.01.166906|0856||||MINORISTAS|Bodega|||010101|16|08-NO DEFINIDO|Activo||
 LIMA.01.166906|0857||||MINORISTAS|Bodega|||010101|16|08-NO DEFINIDO|Activo||
 LIMA.01.166906|0858||||MINORISTAS|Bodega|||010101|16|08-NO DEFINIDO|Activo||
 LIMA.01.166906|0859||||MINORISTAS|Bodega|||010101|16|08-NO DEFINIDO|Activo||
 LIMA.01.166906|0860||||MINORISTAS|Bodega|||010101|16|08-NO DEFINIDO|Activo||
 LIMA.01.166906|0861||||MINORISTAS|Bodega|||010101|5|08-NO DEFINIDO|Activo||
 LIMA.01.166906|0862||||MINORISTAS|Bodega|||010101|16|08-NO DEFINIDO|Activo||
 LIMA.01.166906|0863||||MINORISTAS|Bodega|||010101|16|08-NO DEFINIDO|Activo||
 LIMA.01.166906|0864||||MINORISTAS|Bodega|||010101|5|08-NO DEFINIDO|Activo||
 LIMA.01.166906|0865||||MINORISTAS|Bodega|||010101|16|08-NO DEFINIDO|Activo||
 LIMA.01.166906|0866||||MINORISTAS|Bodega|||010101|5|08-NO DEFINIDO|Activo||
 LIMA.01.166906|0867||||MINORISTAS|Bodega|||010101|16|08-NO DEFINIDO|Activo||
 LIMA.01.166906|0868||||MINORISTAS|Bodega|||010101|16|08-NO DEFINIDO|Activo||
 LIMA.01.166906|0869||||MINORISTAS|Bodega|||010101|16|08-NO DEFINIDO|Activo||
 LIMA.01.166906|0870||||MINORISTAS|Bodega|||010101|16|08-NO DEFINIDO|Activo||
 LIMA.01.166906|0871||||MINORISTAS|Bodega|||010101|16|08-NO DEFINIDO|Activo||
 LIMA.01.166906|0872||||MINORISTAS|Bodega|||010101|16|08-NO DEFINIDO|Activo||
 LIMA.01.166906|0873||||MINORISTAS|Bodega|||010101|16|08-NO DEFINIDO|Activo||
 LIMA.01.166906|0874||||MINORISTAS|Bodega|||010101|5|08-NO DEFINIDO|Activo||
 LIMA.01.166906|0875||||MINORISTAS|Bodega|||010101|16|08-NO DEFINIDO|Activo||
 LIMA.01.166906|0876||||MINORISTAS|Bodega|||010101|16|08-NO DEFINIDO|Activo||
 LIMA.01.166906|0877||||MINORISTAS|Bodega|||010101|16|08-NO DEFINIDO|Activo||
 LIMA.01.166906|0878||||MINORISTAS|Bodega|||010101|5|08-NO DEFINIDO|Activo||
 LIMA.01.166906|0879||||MINORISTAS|Bodega|||010101|16|08-NO DEFINIDO|Activo||
 LIMA.01.166906|0880||||MINORISTAS|Bodega|||010101|16|08-NO DEFINIDO|Activo||
 LIMA.01.166906|0881||||MINORISTAS|Bodega|||010101|16|08-NO DEFINIDO|Activo||
 LIMA.01.166906|0882||||MINORISTAS|Bodega|||010101|16|08-NO DEFINIDO|Activo||
 LIMA.01.166906|0883||||MINORISTAS|Bodega|||010101|16|08-NO DEFINIDO|Activo||
 LIMA.01.166906|0884||||MINORISTAS|Bodega|||010101|16|08-NO DEFINIDO|Activo||
 LIMA.01.166906|0885||||MINORISTAS|Bodega|||010101|16|08-NO DEFINIDO|Activo||
 LIMA.01.166906|0886||||MINORISTAS|Bodega|||010101|16|08-NO DEFINIDO|Activo||
 LIMA.01.166906|0887||||MINORISTAS|Bodega|||010101|16|08-NO DEFINIDO|Activo||
 LIMA.01.166906|0888||||MINORISTAS|Bodega|||010101|19|08-NO DEFINIDO|Activo||
 LIMA.01.166906|0889||||MINORISTAS|Bodega|||010101|19|08-NO DEFINIDO|Activo||
 LIMA.01.166906|0890||||MINORISTAS|Bodega|||010101|19|08-NO DEFINIDO|Activo||
 LIMA.01.166906|0891||||MINORISTAS|Bodega|||010101|16|08-NO DEFINIDO|Activo||
 LIMA.01.166906|0892||||MINORISTAS|Bodega|||010101|16|08-NO DEFINIDO|Activo||
 LIMA.01.166906|0893||||MINORISTAS|Bodega|||010101|16|08-NO DEFINIDO|Activo||
 LIMA.01.166906|0894||||MINORISTAS|Bodega|||010101|5|08-NO DEFINIDO|Activo||
 LIMA.01.166906|0895||||MINORISTAS|Bodega|||010101|5|08-NO DEFINIDO|Activo||
 LIMA.01.166906|0896||||MINORISTAS|Bodega|||010101|5|08-NO DEFINIDO|Activo||
 LIMA.01.166906|0897||||MINORISTAS|Bodega|||010101|19|08-NO DEFINIDO|Activo||
 LIMA.01.166906|0898||||MINORISTAS|Bodega|||010101|16|08-NO DEFINIDO|Activo||
 LIMA.01.166906|0899||||MINORISTAS|Bodega|||010101|16|08-NO DEFINIDO|Activo||
 LIMA.01.166906|0900||||MINORISTAS|Bodega|||010101|16|08-NO DEFINIDO|Activo||
 LIMA.01.166906|0901||||MINORISTAS|Bodega|||010101|19|08-NO DEFINIDO|Activo||
 LIMA.01.166906|0902||||MINORISTAS|Bodega|||010101|16|08-NO DEFINIDO|Activo||
 LIMA.01.166906|0903||||MINORISTAS|Bodega|||010101|5|08-NO DEFINIDO|Activo||
 LIMA.01.166906|0904||||MINORISTAS|Bodega|||010101|16|08-NO DEFINIDO|Activo||
 LIMA.01.166906|0905||||MINORISTAS|Bodega|||010101|16|08-NO DEFINIDO|Activo||
 LIMA.01.166906|0906||||MINORISTAS|Bodega|||010101|5|08-NO DEFINIDO|Activo||
 LIMA.01.166906|0907||||MINORISTAS|Bodega|||010101|16|08-NO DEFINIDO|Activo||
 LIMA.01.166906|0908||||MINORISTAS|Bodega|||010101|19|08-NO DEFINIDO|Activo||
 LIMA.01.166906|0909||||MINORISTAS|Bodega|||010101|16|08-NO DEFINIDO|Activo||
 LIMA.01.166906|0910||||MINORISTAS|Bodega|||010101|5|08-NO DEFINIDO|Activo||
 LIMA.01.166906|0911||||MINORISTAS|Bodega|||010101|16|08-NO DEFINIDO|Activo||
 LIMA.01.166906|0912||||MINORISTAS|Bodega|||010101|16|08-NO DEFINIDO|Activo||
 LIMA.01.166906|0913||||MINORISTAS|Bodega|||010101|16|08-NO DEFINIDO|Activo||
 LIMA.01.166906|0914||||MINORISTAS|Bodega|||010101|5|08-NO DEFINIDO|Activo||
 LIMA.01.166906|0915||||MINORISTAS|Bodega|||010101|19|08-NO DEFINIDO|Activo||
 LIMA.01.166906|0916||||MINORISTAS|Bodega|||010101|5|08-NO DEFINIDO|Activo||
 LIMA.01.166906|0917||||MINORISTAS|Bodega|||010101|5|08-NO DEFINIDO|Activo||
 LIMA.01.166906|0918||||MINORISTAS|Bodega|||010101|5|08-NO DEFINIDO|Activo||
 LIMA.01.166906|0919||||MINORISTAS|Bodega|||010101|5|08-NO DEFINIDO|Activo||
 LIMA.01.166906|0920||||MINORISTAS|Bodega|||010101|5|08-NO DEFINIDO|Activo||
 LIMA.01.166906|0921||||MINORISTAS|Bodega|||010101|19|08-NO DEFINIDO|Activo||
 LIMA.01.166906|0922||||MINORISTAS|Bodega|||010101|19|08-NO DEFINIDO|Activo||
 LIMA.01.166906|0923||||MINORISTAS|Bodega|||010101|5|08-NO DEFINIDO|Activo||
 LIMA.01.166906|0924||||MINORISTAS|Bodega|||010101|19|08-NO DEFINIDO|Activo||
 LIMA.01.166906|0925||||MINORISTAS|Bodega|||010101|16|08-NO DEFINIDO|Activo||
 LIMA.01.166906|0926||||MINORISTAS|Bodega|||010101|16|08-NO DEFINIDO|Activo||
 LIMA.01.166906|0927||||MINORISTAS|Bodega|||010101|5|08-NO DEFINIDO|Activo||
 LIMA.01.166906|0928||||MINORISTAS|Bodega|||010101|5|08-NO DEFINIDO|Activo||
 LIMA.01.166906|0929||||LISTA CODISTRIBUIDORES|Bodega|||010101|9|08-NO DEFINIDO|Activo||
 LIMA.01.166906|0930||||MINORISTAS|Bodega|||010101|5|08-NO DEFINIDO|Activo||
 LIMA.01.166906|0931||||MINORISTAS|Bodega|||010101|16|08-NO DEFINIDO|Activo||
 LIMA.01.166906|0932||||MINORISTAS|Bodega|||010101|16|08-NO DEFINIDO|Activo||
 LIMA.01.166906|0933||||MINORISTAS|Bodega|||010101|16|08-NO DEFINIDO|Activo||
 LIMA.01.166906|0934||||MINORISTAS|Bodega|||010101|16|08-NO DEFINIDO|Activo||
 LIMA.01.166906|0935||||MINORISTAS|Bodega|||010101|5|08-NO DEFINIDO|Activo||
 LIMA.01.166906|0936||||MINORISTAS|Bodega|||010101|16|08-NO DEFINIDO|Activo||
 LIMA.01.166906|0937||||MINORISTAS|Bodega|||010101|16|08-NO DEFINIDO|Activo||
 LIMA.01.166906|0938||||MINORISTAS|Bodega|||010101|5|08-NO DEFINIDO|Activo||
 LIMA.01.166906|0939||||MINORISTAS|Bodega|||010101|16|08-NO DEFINIDO|Activo||
 LIMA.01.166906|0940||||MINORISTAS|Bodega|||010101|5|08-NO DEFINIDO|Activo||
 LIMA.01.166906|0941||||MINORISTAS|Bodega|||010101|5|08-NO DEFINIDO|Activo||
 LIMA.01.166906|0942||||MINORISTAS|Bodega|||010101|16|08-NO DEFINIDO|Activo||
 LIMA.01.166906|0943||||MINORISTAS|Bodega|||010101|16|08-NO DEFINIDO|Activo||
 LIMA.01.166906|0944||||MINORISTAS|Bodega|||010101|16|08-NO DEFINIDO|Activo||
 LIMA.01.166906|0945||||MINORISTAS|Bodega|||010101|16|08-NO DEFINIDO|Activo||
 LIMA.01.166906|0946||||MINORISTAS|Bodega|||010101|16|08-NO DEFINIDO|Activo||
 LIMA.01.166906|0947||||MINORISTAS|Bodega|||010101|19|08-NO DEFINIDO|Activo||
 LIMA.01.166906|0948||||MINORISTAS|Bodega|||010101|16|08-NO DEFINIDO|Activo||
 LIMA.01.166906|0949||||MINORISTAS|Bodega|||010101|5|08-NO DEFINIDO|Activo||
 LIMA.01.166906|0950||||MINORISTAS|Bodega|||010101|19|08-NO DEFINIDO|Activo||
 LIMA.01.166906|0951||||MINORISTAS|Bodega|||010101|19|08-NO DEFINIDO|Activo||
 LIMA.01.166906|0952||||MINORISTAS|Bodega|||010101|5|08-NO DEFINIDO|Activo||
 LIMA.01.166906|0953||||MINORISTAS|Bodega|||010101|19|08-NO DEFINIDO|Activo||
 LIMA.01.166906|0954||||MINORISTAS|Bodega|||010101|19|08-NO DEFINIDO|Activo||
 LIMA.01.166906|0955||||MINORISTAS|Bodega|||010101|19|08-NO DEFINIDO|Activo||
 LIMA.01.166906|0956||||MINORISTAS|Bodega|||010101|19|08-NO DEFINIDO|Activo||
 LIMA.01.166906|0957||||MINORISTAS|Bodega|||010101|19|08-NO DEFINIDO|Activo||
 LIMA.01.166906|0958||||MINORISTAS|Bodega|||010101|16|08-NO DEFINIDO|Activo||
 LIMA.01.166906|0959||||MINORISTAS|Bodega|||010101|16|08-NO DEFINIDO|Activo||
 LIMA.01.166906|0960||||MINORISTAS|Bodega|||010101|16|08-NO DEFINIDO|Activo||
 LIMA.01.166906|0961||||MINORISTAS|Bodega|||010101|16|08-NO DEFINIDO|Activo||
 LIMA.01.166906|0962||||MINORISTAS|Bodega|||010101|16|08-NO DEFINIDO|Activo||
 LIMA.01.166906|0963||||MINORISTAS|Bodega|||010101|16|08-NO DEFINIDO|Activo||
 LIMA.01.166906|0964||||MINORISTAS|Bodega|||010101|16|08-NO DEFINIDO|Activo||
 LIMA.01.166906|0965||||MINORISTAS|Bodega|||010101|5|08-NO DEFINIDO|Activo||
 LIMA.01.166906|0966||||MINORISTAS|Bodega|||010101|5|08-NO DEFINIDO|Activo||
 LIMA.01.166906|0967||||MINORISTAS|Bodega|||010101|16|08-NO DEFINIDO|Activo||
 LIMA.01.166906|0968||||MINORISTAS|Bodega|||010101|16|08-NO DEFINIDO|Activo||
 LIMA.01.166906|0969||||MINORISTAS|Bodega|||010101|16|08-NO DEFINIDO|Activo||
 LIMA.01.166906|0970||||MINORISTAS|Bodega|||010101|16|08-NO DEFINIDO|Activo||
 LIMA.01.166906|0971||||MINORISTAS|Bodega|||010101|19|08-NO DEFINIDO|Activo||
 LIMA.01.166906|0972||||MINORISTAS|Bodega|||010101|19|08-NO DEFINIDO|Activo||
 LIMA.01.166906|0973||||MINORISTAS|Bodega|||010101|16|08-NO DEFINIDO|Activo||
 LIMA.01.166906|0974||||MINORISTAS|Bodega|||010101|16|08-NO DEFINIDO|Activo||
 LIMA.01.166906|0975||||MINORISTAS|Bodega|||010101|16|08-NO DEFINIDO|Activo||
 LIMA.01.166906|0976||||MINORISTAS|Bodega|||010101|16|08-NO DEFINIDO|Activo||
 LIMA.01.166906|0977||||MINORISTAS|Bodega|||010101|19|08-NO DEFINIDO|Activo||
 LIMA.01.166906|0978||||MINORISTAS|Bodega|||010101|19|08-NO DEFINIDO|Activo||
 LIMA.01.166906|0979||||MINORISTAS|Bodega|||010101|19|08-NO DEFINIDO|Activo||
 LIMA.01.166906|0980||||MINORISTAS|Bodega|||010101|19|08-NO DEFINIDO|Activo||
 LIMA.01.166906|0981||||MINORISTAS|Bodega|||010101|19|08-NO DEFINIDO|Activo||
 LIMA.01.166906|0982||||MINORISTAS|Bodega|||010101|16|08-NO DEFINIDO|Activo||
 LIMA.01.166906|0983||||MINORISTAS|Bodega|||010101|16|08-NO DEFINIDO|Activo||
 LIMA.01.166906|0984||||MINORISTAS|Bodega|||010101|16|08-NO DEFINIDO|Activo||
 LIMA.01.166906|0985||||MINORISTAS|Bodega|||010101|16|08-NO DEFINIDO|Activo||
 LIMA.01.166906|0986||||MINORISTAS|Bodega|||010101|16|08-NO DEFINIDO|Activo||
 LIMA.01.166906|0987||||MINORISTAS|Bodega|||010101|16|08-NO DEFINIDO|Activo||
 LIMA.01.166906|0988||||MINORISTAS|Bodega|||010101|16|08-NO DEFINIDO|Activo||
 LIMA.01.166906|0989||||MINORISTAS|Bodega|||010101|16|08-NO DEFINIDO|Activo||
 LIMA.01.166906|0990||||MINORISTAS|Bodega|||010101|16|08-NO DEFINIDO|Activo||
 LIMA.01.166906|0991||||MINORISTAS|Bodega|||010101|16|08-NO DEFINIDO|Activo||
 LIMA.01.166906|0992||||MINORISTAS|Bodega|||010101|16|08-NO DEFINIDO|Activo||
 LIMA.01.166906|0993||||MINORISTAS|Bodega|||010101|5|08-NO DEFINIDO|Activo||
 LIMA.01.166906|0994||||MINORISTAS|Bodega|||010101|5|08-NO DEFINIDO|Activo||
 LIMA.01.166906|0995||||MINORISTAS|Bodega|||010101|19|08-NO DEFINIDO|Activo||
 LIMA.01.166906|0996||||MINORISTAS|Bodega|||010101|19|08-NO DEFINIDO|Activo||
 LIMA.01.166906|0997||||MINORISTAS|Bodega|||010101|19|08-NO DEFINIDO|Activo||
 LIMA.01.166906|0998||||MINORISTAS|Bodega|||010101|19|08-NO DEFINIDO|Activo||
 LIMA.01.166906|0999||||MINORISTAS|Bodega|||010101|19|08-NO DEFINIDO|Activo||
 LIMA.01.166906|1000||||MINORISTAS|Bodega|||010101|19|08-NO DEFINIDO|Activo||
 LIMA.01.166906|1001||||MINORISTAS|Bodega|||010101|19|08-NO DEFINIDO|Activo||
 LIMA.01.166906|1002||||MINORISTAS|Bodega|||010101|19|08-NO DEFINIDO|Activo||
 LIMA.01.166906|1003||||MINORISTAS|Bodega|||010101|19|08-NO DEFINIDO|Activo||
 LIMA.01.166906|1004||||MINORISTAS|Bodega|||010101|19|08-NO DEFINIDO|Activo||
 LIMA.01.166906|1005||||MINORISTAS|Bodega|||010101|19|08-NO DEFINIDO|Activo||
 LIMA.01.166906|1006||||MINORISTAS|Bodega|||010101|19|08-NO DEFINIDO|Activo||
 LIMA.01.166906|1007||||MINORISTAS|Bodega|||010101|19|08-NO DEFINIDO|Activo||
 LIMA.01.166906|1008||||MINORISTAS|Bodega|||010101|19|08-NO DEFINIDO|Activo||
 LIMA.01.166906|1009||||MINORISTAS|Bodega|||010101|19|08-NO DEFINIDO|Activo||
 LIMA.01.166906|1010||||MINORISTAS|Bodega|||010101|19|08-NO DEFINIDO|Activo||
 LIMA.01.166906|1011||||MINORISTAS|Bodega|||010101|19|08-NO DEFINIDO|Activo||
 LIMA.01.166906|1012||||MINORISTAS|Bodega|||010101|16|08-NO DEFINIDO|Activo||
 LIMA.01.166906|1013||||MINORISTAS|Bodega|||010101|16|08-NO DEFINIDO|Activo||
 LIMA.01.166906|1014||||MINORISTAS|Bodega|||010101|16|08-NO DEFINIDO|Activo||
 LIMA.01.166906|1015||||MINORISTAS|Bodega|||010101|16|08-NO DEFINIDO|Activo||
 LIMA.01.166906|1016||||MINORISTAS|Bodega|||010101|16|08-NO DEFINIDO|Activo||
 LIMA.01.166906|1017||||MINORISTAS|Bodega|||010101|16|08-NO DEFINIDO|Activo||
 LIMA.01.166906|1018||||MINORISTAS|Bodega|||010101|16|08-NO DEFINIDO|Activo||
 LIMA.01.166906|1019||||MINORISTAS|Bodega|||010101|5|08-NO DEFINIDO|Activo||
 LIMA.01.166906|1020||||MINORISTAS|Bodega|||010101|5|08-NO DEFINIDO|Activo||
 LIMA.01.166906|1021||||MINORISTAS|Bodega|||010101|19|08-NO DEFINIDO|Activo||
 LIMA.01.166906|1022||||MINORISTAS|Bodega|||010101|16|08-NO DEFINIDO|Activo||
 LIMA.01.166906|1023||||MINORISTAS|Bodega|||010101|19|08-NO DEFINIDO|Activo||
 LIMA.01.166906|1024||||MINORISTAS|Bodega|||010101|19|08-NO DEFINIDO|Activo||
 LIMA.01.166906|1025||||MINORISTAS|Bodega|||010101|19|08-NO DEFINIDO|Activo||
 LIMA.01.166906|1026||||MINORISTAS|Bodega|||010101|19|08-NO DEFINIDO|Activo||
 LIMA.01.166906|1027||||MINORISTAS|Bodega|||010101|19|08-NO DEFINIDO|Activo||
 LIMA.01.166906|1028||||MINORISTAS|Bodega|||010101|5|08-NO DEFINIDO|Activo||
 LIMA.01.166906|1029||||MINORISTAS|Bodega|||010101|16|08-NO DEFINIDO|Activo||
 LIMA.01.166906|1030||||MINORISTAS|Bodega|||010101|16|08-NO DEFINIDO|Activo||
 LIMA.01.166906|1031||||MINORISTAS|Bodega|||010101|16|08-NO DEFINIDO|Activo||
 LIMA.01.166906|1032||||MINORISTAS|Bodega|||010101|16|08-NO DEFINIDO|Activo||
 LIMA.01.166906|1033||||MINORISTAS|Bodega|||010101|16|08-NO DEFINIDO|Activo||
 LIMA.01.166906|1034||||MINORISTAS|Bodega|||010101|16|08-NO DEFINIDO|Activo||
 LIMA.01.166906|1035||||MINORISTAS|Bodega|||010101|16|08-NO DEFINIDO|Activo||
 LIMA.01.166906|1036||||MINORISTAS|Bodega|||010101|19|08-NO DEFINIDO|Activo||
 LIMA.01.166906|1037||||MINORISTAS|Bodega|||010101|19|08-NO DEFINIDO|Activo||
 LIMA.01.166906|1038||||MINORISTAS|Bodega|||010101|19|08-NO DEFINIDO|Activo||
 LIMA.01.166906|1039||||MINORISTAS|Bodega|||010101|19|08-NO DEFINIDO|Activo||
 LIMA.01.166906|1040||||MINORISTAS|Bodega|||010101|19|08-NO DEFINIDO|Activo||
 LIMA.01.166906|1041||||MINORISTAS|Bodega|||010101|16|08-NO DEFINIDO|Activo||
 LIMA.01.166906|1042||||MINORISTAS|Bodega|||010101|19|08-NO DEFINIDO|Activo||
 LIMA.01.166906|1043||||MINORISTAS|Bodega|||010101|19|08-NO DEFINIDO|Activo||
 LIMA.01.166906|1044||||MINORISTAS|Bodega|||010101|19|08-NO DEFINIDO|Activo||
 LIMA.01.166906|1045||||MINORISTAS|Bodega|||010101|19|08-NO DEFINIDO|Activo||
 LIMA.01.166906|1046||||MINORISTAS|Bodega|||010101|19|08-NO DEFINIDO|Activo||
 LIMA.01.166906|1047||||MINORISTAS|Bodega|||010101|19|08-NO DEFINIDO|Activo||
 LIMA.01.166906|1048||||MINORISTAS|Bodega|||010101|19|08-NO DEFINIDO|Activo||
 LIMA.01.166906|1049||||MINORISTAS|Bodega|||010101|19|08-NO DEFINIDO|Activo||
 LIMA.01.166906|1050||||MINORISTAS|Bodega|||010101|19|08-NO DEFINIDO|Activo||
 LIMA.01.166906|1051||||MINORISTAS|Bodega|||010101|19|08-NO DEFINIDO|Activo||
 LIMA.01.166906|1052||||MINORISTAS|Bodega|||010101|19|08-NO DEFINIDO|Activo||
 LIMA.01.166906|1053||||MINORISTAS|Bodega|||010101|19|08-NO DEFINIDO|Activo||
 LIMA.01.166906|1054||||MINORISTAS|Bodega|||010101|19|08-NO DEFINIDO|Activo||
 LIMA.01.166906|1055||||MINORISTAS|Bodega|||010101|19|08-NO DEFINIDO|Activo||
 LIMA.01.166906|1056||||MINORISTAS|Bodega|||010101|19|08-NO DEFINIDO|Activo||
 LIMA.01.166906|1057||||MINORISTAS|Bodega|||010101|19|08-NO DEFINIDO|Activo||
 LIMA.01.166906|1058||||MINORISTAS|Bodega|||010101|19|08-NO DEFINIDO|Activo||
 LIMA.01.166906|1059||||MINORISTAS|Bodega|||010101|19|08-NO DEFINIDO|Activo||
 LIMA.01.166906|1060||||MINORISTAS|Bodega|||010101|16|08-NO DEFINIDO|Activo||
 LIMA.01.166906|1061||||MINORISTAS|Bodega|||010101|16|08-NO DEFINIDO|Activo||
 LIMA.01.166906|1062||||MINORISTAS|Bodega|||010101|16|08-NO DEFINIDO|Activo||
 LIMA.01.166906|1063||||MINORISTAS|Bodega|||010101|16|08-NO DEFINIDO|Activo||
 LIMA.01.166906|1064||||MINORISTAS|Bodega|||010101|16|08-NO DEFINIDO|Activo||
 LIMA.01.166906|1065||||MINORISTAS|Bodega|||010101|16|08-NO DEFINIDO|Activo||
 LIMA.01.166906|1066||||MINORISTAS|Bodega|||010101|19|08-NO DEFINIDO|Activo||
 LIMA.01.166906|1067||||MINORISTAS|Bodega|||010101|19|08-NO DEFINIDO|Activo||
 LIMA.01.166906|1068||||MINORISTAS|Bodega|||010101|16|08-NO DEFINIDO|Activo||
 LIMA.01.166906|1069||||MINORISTAS|Bodega|||010101|16|08-NO DEFINIDO|Activo||
 LIMA.01.166906|1070||||MINORISTAS|Bodega|||010101|16|08-NO DEFINIDO|Activo||
 LIMA.01.166906|1071||||MINORISTAS|Bodega|||010101|19|08-NO DEFINIDO|Activo||
 LIMA.01.166906|1072||||MINORISTAS|Bodega|||010101|19|08-NO DEFINIDO|Activo||
 LIMA.01.166906|1073||||MINORISTAS|Bodega|||010101|19|08-NO DEFINIDO|Activo||
 LIMA.01.166906|1074||||MINORISTAS|Bodega|||010101|19|08-NO DEFINIDO|Activo||
 LIMA.01.166906|1075||||MINORISTAS|Bodega|||010101|19|08-NO DEFINIDO|Activo||
 LIMA.01.166906|1076||||MINORISTAS|Bodega|||010101|19|08-NO DEFINIDO|Activo||
 LIMA.01.166906|1077||||MINORISTAS|Bodega|||010101|19|08-NO DEFINIDO|Activo||
 LIMA.01.166906|1078||||MINORISTAS|Bodega|||010101|19|08-NO DEFINIDO|Activo||
 LIMA.01.166906|1079||||MINORISTAS|Bodega|||010101|19|08-NO DEFINIDO|Activo||
 LIMA.01.166906|1080||||MINORISTAS|Bodega|||010101|19|08-NO DEFINIDO|Activo||
 LIMA.01.166906|1081||||MINORISTAS|Bodega|||010101|19|08-NO DEFINIDO|Activo||
 LIMA.01.166906|1082||||MINORISTAS|Bodega|||010101|19|08-NO DEFINIDO|Activo||
 LIMA.01.166906|1083||||MINORISTAS|Bodega|||010101|16|08-NO DEFINIDO|Activo||
 LIMA.01.166906|1084||||MINORISTAS|Bodega|||010101|16|08-NO DEFINIDO|Activo||
 LIMA.01.166906|1085||||MINORISTAS|Bodega|||010101|16|08-NO DEFINIDO|Activo||
 LIMA.01.166906|1086||||MINORISTAS|Bodega|||010101|19|08-NO DEFINIDO|Activo||
 LIMA.01.166906|1087||||MINORISTAS|Bodega|||010101|19|08-NO DEFINIDO|Activo||
 LIMA.01.166906|1088||||MINORISTAS|Bodega|||010101|16|08-NO DEFINIDO|Activo||
 LIMA.01.166906|1089||||MINORISTAS|Bodega|||010101|16|08-NO DEFINIDO|Activo||
 LIMA.01.166906|1090||||MINORISTAS|Bodega|||010101|16|08-NO DEFINIDO|Activo||
 LIMA.01.166906|1091||||MINORISTAS|Bodega|||010101|19|08-NO DEFINIDO|Activo||
 LIMA.01.166906|1092||||MINORISTAS|Bodega|||010101|19|08-NO DEFINIDO|Activo||
 LIMA.01.166906|1093||||MINORISTAS|Bodega|||010101|16|08-NO DEFINIDO|Activo||
 LIMA.01.166906|1094||||MINORISTAS|Bodega|||010101|16|08-NO DEFINIDO|Activo||
 LIMA.01.166906|1095||||MINORISTAS|Bodega|||010101|19|08-NO DEFINIDO|Activo||
 LIMA.01.166906|1096||||MINORISTAS|Bodega|||010101|19|08-NO DEFINIDO|Activo||
 LIMA.01.166906|1097||||MINORISTAS|Bodega|||010101|19|08-NO DEFINIDO|Activo||
 LIMA.01.166906|1098||||MINORISTAS|Bodega|||010101|19|08-NO DEFINIDO|Activo||
 LIMA.01.166906|1099||||MINORISTAS|Bodega|||010101|19|08-NO DEFINIDO|Activo||
 LIMA.01.166906|1100||||MINORISTAS|Bodega|||010101|19|08-NO DEFINIDO|Activo||
 LIMA.01.166906|1101||||MINORISTAS|Bodega|||010101|19|08-NO DEFINIDO|Activo||
 LIMA.01.166906|1102||||MINORISTAS|Bodega|||010101|16|08-NO DEFINIDO|Activo||
 LIMA.01.166906|1103||||MINORISTAS|Bodega|||010101|19|08-NO DEFINIDO|Activo||
 LIMA.01.166906|1104||||MINORISTAS|Bodega|||010101|19|08-NO DEFINIDO|Activo||
 LIMA.01.166906|1105||||MINORISTAS|Bodega|||010101|16|08-NO DEFINIDO|Activo||
 LIMA.01.166906|1106||||MINORISTAS|Bodega|||010101|16|08-NO DEFINIDO|Activo||
 LIMA.01.166906|1107||||MINORISTAS|Bodega|||010101|19|08-NO DEFINIDO|Activo||
 LIMA.01.166906|1108||||MINORISTAS|Bodega|||010101|19|08-NO DEFINIDO|Activo||
 LIMA.01.166906|1109||||MINORISTAS|Bodega|||010101|19|08-NO DEFINIDO|Activo||
 LIMA.01.166906|1110||||MINORISTAS|Bodega|||010101|16|08-NO DEFINIDO|Activo||
 LIMA.01.166906|1111||||MINORISTAS|Bodega|||010101|16|08-NO DEFINIDO|Activo||
 LIMA.01.166906|1112||||MINORISTAS|Bodega|||010101|16|08-NO DEFINIDO|Activo||
 LIMA.01.166906|1113||||MINORISTAS|Bodega|||010101|19|08-NO DEFINIDO|Activo||
 LIMA.01.166906|1114||||MINORISTAS|Bodega|||010101|19|08-NO DEFINIDO|Activo||
 LIMA.01.166906|1115||||MINORISTAS|Bodega|||010101|19|08-NO DEFINIDO|Activo||
 LIMA.01.166906|1116||||MINORISTAS|Bodega|||010101|19|08-NO DEFINIDO|Activo||
 LIMA.01.166906|1117||||MINORISTAS|Bodega|||010101|19|08-NO DEFINIDO|Activo||
 LIMA.01.166906|1118||||MINORISTAS|Bodega|||010101|16|08-NO DEFINIDO|Activo||
 LIMA.01.166906|1119||||MINORISTAS|Bodega|||010101|16|08-NO DEFINIDO|Activo||
 LIMA.01.166906|1120||||MINORISTAS|Bodega|||010101|16|08-NO DEFINIDO|Activo||
 LIMA.01.166906|1121||||MINORISTAS|Bodega|||010101|16|08-NO DEFINIDO|Activo||
 LIMA.01.166906|1122||||MINORISTAS|Bodega|||010101|19|08-NO DEFINIDO|Activo||
 LIMA.01.166906|1123||||MINORISTAS|Bodega|||010101|16|08-NO DEFINIDO|Activo||
 LIMA.01.166906|1124||||MINORISTAS|Bodega|||010101|19|08-NO DEFINIDO|Activo||
 LIMA.01.166906|1125||||MINORISTAS|Bodega|||010101|19|08-NO DEFINIDO|Activo||
 LIMA.01.166906|1126||||MINORISTAS|Bodega|||010101|16|08-NO DEFINIDO|Activo||
 LIMA.01.166906|1127||||MINORISTAS|Bodega|||010101|16|08-NO DEFINIDO|Activo||
 LIMA.01.166906|1128||||MINORISTAS|Bodega|||010101|16|08-NO DEFINIDO|Activo||
 LIMA.01.166906|1129||||MINORISTAS|Bodega|||010101|16|08-NO DEFINIDO|Activo||
 LIMA.01.166906|1130||||MINORISTAS|Bodega|||010101|19|08-NO DEFINIDO|Activo||
 LIMA.01.166906|1131||||LISTA CODISTRIBUIDORES|Bodega|||010101|9|08-NO DEFINIDO|Activo||
 LIMA.01.166906|1132||||MINORISTAS|Bodega|||010101|19|08-NO DEFINIDO|Activo||
 LIMA.01.166906|1133||||MINORISTAS|Bodega|||010101|16|08-NO DEFINIDO|Activo||
 LIMA.01.166906|1134||||MINORISTAS|Bodega|||010101|16|08-NO DEFINIDO|Activo||
 LIMA.01.166906|1135||||MINORISTAS|Bodega|||010101|16|08-NO DEFINIDO|Activo||
 LIMA.01.166906|1136||||MINORISTAS|Bodega|||010101|16|08-NO DEFINIDO|Activo||
 LIMA.01.166906|1137||||MINORISTAS|Bodega|||010101|16|08-NO DEFINIDO|Activo||
 LIMA.01.166906|1138||||MINORISTAS|Bodega|||010101|16|08-NO DEFINIDO|Activo||
 LIMA.01.166906|1139||||MINORISTAS|Bodega|||010101|5|08-NO DEFINIDO|Activo||
 LIMA.01.166906|1140||||MINORISTAS|Bodega|||010101|19|08-NO DEFINIDO|Activo||
 LIMA.01.166906|1141||||MINORISTAS|Bodega|||010101|19|08-NO DEFINIDO|Activo||
 LIMA.01.166906|1142||||MINORISTAS|Bodega|||010101|19|08-NO DEFINIDO|Activo||
 LIMA.01.166906|1143||||MINORISTAS|Bodega|||010101|19|08-NO DEFINIDO|Activo||
 LIMA.01.166906|1144||||MINORISTAS|Bodega|||010101|19|08-NO DEFINIDO|Activo||
 LIMA.01.166906|1145||||MINORISTAS|Bodega|||010101|16|08-NO DEFINIDO|Activo||
 LIMA.01.166906|1146||||MINORISTAS|Bodega|||010101|16|08-NO DEFINIDO|Activo||
 LIMA.01.166906|1147||||MINORISTAS|Bodega|||010101|16|08-NO DEFINIDO|Activo||
 LIMA.01.166906|1148||||MINORISTAS|Bodega|||010101|19|08-NO DEFINIDO|Activo||
 LIMA.01.166906|1149||||MINORISTAS|Bodega|||010101|19|08-NO DEFINIDO|Activo||
 LIMA.01.166906|1150||||MINORISTAS|Bodega|||010101|19|08-NO DEFINIDO|Activo||
 LIMA.01.166906|1151||||MINORISTAS|Bodega|||010101|16|08-NO DEFINIDO|Activo||
 LIMA.01.166906|1152||||MINORISTAS|Bodega|||010101|16|08-NO DEFINIDO|Activo||
 LIMA.01.166906|1153||||MINORISTAS|Bodega|||010101|19|08-NO DEFINIDO|Activo||
 LIMA.01.166906|1154||||MINORISTAS|Bodega|||010101|19|08-NO DEFINIDO|Activo||
 LIMA.01.166906|1155||||MINORISTAS|Bodega|||010101|19|08-NO DEFINIDO|Activo||
 LIMA.01.166906|1156||||MINORISTAS|Bodega|||010101|16|08-NO DEFINIDO|Activo||
 LIMA.01.166906|1157||||MINORISTAS|Bodega|||010101|19|08-NO DEFINIDO|Activo||
 LIMA.01.166906|1158||||MINORISTAS|Bodega|||010101|16|08-NO DEFINIDO|Activo||
 LIMA.01.166906|1159||||MINORISTAS|Bodega|||010101|16|08-NO DEFINIDO|Activo||
 LIMA.01.166906|1160||||MINORISTAS|Bodega|||010101|19|08-NO DEFINIDO|Activo||
 LIMA.01.166906|1161||||MINORISTAS|Bodega|||010101|19|08-NO DEFINIDO|Activo||
 LIMA.01.166906|1162||||MINORISTAS|Bodega|||010101|19|08-NO DEFINIDO|Activo||
 LIMA.01.166906|1163||||MINORISTAS|Bodega|||010101|19|08-NO DEFINIDO|Activo||
 LIMA.01.166906|1164||||MINORISTAS|Bodega|||010101|19|08-NO DEFINIDO|Activo||
 LIMA.01.166906|1165||||MINORISTAS|Bodega|||010101|19|08-NO DEFINIDO|Activo||
 LIMA.01.166906|1166||||MINORISTAS|Bodega|||010101|19|08-NO DEFINIDO|Activo||
 LIMA.01.166906|1167||||MINORISTAS|Bodega|||010101|19|08-NO DEFINIDO|Activo||
 LIMA.01.166906|1168||||MINORISTAS|Bodega|||010101|19|08-NO DEFINIDO|Activo||
 LIMA.01.166906|1169||||MINORISTAS|Bodega|||010101|19|08-NO DEFINIDO|Activo||
 LIMA.01.166906|1170||||MINORISTAS|Bodega|||010101|19|08-NO DEFINIDO|Activo||
 LIMA.01.166906|1171||||MINORISTAS|Bodega|||010101|16|08-NO DEFINIDO|Activo||
 LIMA.01.166906|1172||||MINORISTAS|Bodega|||010101|16|08-NO DEFINIDO|Activo||
 LIMA.01.166906|1173||||MINORISTAS|Bodega|||010101|19|08-NO DEFINIDO|Activo||
 LIMA.01.166906|1174||||MINORISTAS|Bodega|||010101|16|08-NO DEFINIDO|Activo||
 LIMA.01.166906|1175||||MINORISTAS|Bodega|||010101|5|08-NO DEFINIDO|Activo||
 LIMA.01.166906|1176||||MINORISTAS|Bodega|||010101|19|08-NO DEFINIDO|Activo||
 LIMA.01.166906|1177||||MINORISTAS|Bodega|||010101|19|08-NO DEFINIDO|Activo||
 LIMA.01.166906|1178||||MINORISTAS|Bodega|||010101|5|08-NO DEFINIDO|Activo||
 LIMA.01.166906|1179||||MINORISTAS|Bodega|||010101|19|08-NO DEFINIDO|Activo||
 LIMA.01.166906|1180||||MINORISTAS|Bodega|||010101|16|08-NO DEFINIDO|Activo||
 LIMA.01.166906|1181||||MINORISTAS|Bodega|||010101|16|08-NO DEFINIDO|Activo||
 LIMA.01.166906|1182||||MINORISTAS|Bodega|||010101|16|08-NO DEFINIDO|Activo||
 LIMA.01.166906|1183||||MINORISTAS|Bodega|||010101|16|08-NO DEFINIDO|Activo||
 LIMA.01.166906|1184||||MINORISTAS|Bodega|||010101|16|08-NO DEFINIDO|Activo||
 LIMA.01.166906|1185||||MINORISTAS|Bodega|||010101|19|08-NO DEFINIDO|Activo||
 LIMA.01.166906|1186||||MINORISTAS|Bodega|||010101|19|08-NO DEFINIDO|Activo||
 LIMA.01.166906|1187||||MINORISTAS|Bodega|||010101|19|08-NO DEFINIDO|Activo||
 LIMA.01.166906|1188||||MINORISTAS|Bodega|||010101|19|08-NO DEFINIDO|Activo||
 LIMA.01.166906|1189||||MINORISTAS|Bodega|||010101|16|08-NO DEFINIDO|Activo||
 LIMA.01.166906|1190||||MINORISTAS|Bodega|||010101|9|08-NO DEFINIDO|Activo||
 LIMA.01.166906|1191||||MINORISTAS|Bodega|||010101|5|08-NO DEFINIDO|Activo||
 LIMA.01.166906|1192||||MINORISTAS|Bodega|||010101|19|08-NO DEFINIDO|Activo||
 LIMA.01.166906|1193||||MINORISTAS|Bodega|||010101|19|08-NO DEFINIDO|Activo||
 LIMA.01.166906|1194||||MINORISTAS|Bodega|||010101|19|08-NO DEFINIDO|Activo||
 LIMA.01.166906|1195||||MINORISTAS|Bodega|||010101|19|08-NO DEFINIDO|Activo||
 LIMA.01.166906|1196||||MINORISTAS|Bodega|||010101|5|08-NO DEFINIDO|Activo||
 LIMA.01.166906|1197||||MINORISTAS|Bodega|||010101|19|08-NO DEFINIDO|Activo||
 LIMA.01.166906|1198||||MINORISTAS|Bodega|||010101|19|08-NO DEFINIDO|Activo||
 LIMA.01.166906|1199||||MINORISTAS|Bodega|||010101|19|08-NO DEFINIDO|Activo||
 LIMA.01.166906|1200||||MINORISTAS|Bodega|||010101|19|08-NO DEFINIDO|Activo||
 LIMA.01.166906|1201||||MINORISTAS|Bodega|||010101|19|08-NO DEFINIDO|Activo||
 LIMA.01.166906|1202||||MINORISTAS|Bodega|||010101|19|08-NO DEFINIDO|Activo||
 LIMA.01.166906|1203||||MINORISTAS|Bodega|||010101|19|08-NO DEFINIDO|Activo||
 LIMA.01.166906|1204||||MINORISTAS|Bodega|||010101|19|08-NO DEFINIDO|Activo||
 LIMA.01.166906|1205||||MINORISTAS|Bodega|||010101|19|08-NO DEFINIDO|Activo||
 LIMA.01.166906|1206||||MINORISTAS|Bodega|||010101|19|08-NO DEFINIDO|Activo||
 LIMA.01.166906|1207||||MINORISTAS|Bodega|||010101|5|08-NO DEFINIDO|Activo||
 LIMA.01.166906|1208||||MINORISTAS|Bodega|||010101|19|08-NO DEFINIDO|Activo||
 LIMA.01.166906|1209||||MINORISTAS|Bodega|||010101|19|08-NO DEFINIDO|Activo||
 LIMA.01.166906|1210||||MINORISTAS|Bodega|||010101|5|08-NO DEFINIDO|Activo||
 LIMA.01.166906|1211||||MINORISTAS|Bodega|||010101|19|08-NO DEFINIDO|Activo||
 LIMA.01.166906|1212||||MINORISTAS|Bodega|||010101|5|08-NO DEFINIDO|Activo||
 LIMA.01.166906|1213||||MINORISTAS|Bodega|||010101|5|08-NO DEFINIDO|Activo||
 LIMA.01.166906|1214||||MINORISTAS|Bodega|||010101|16|08-NO DEFINIDO|Activo||
 LIMA.01.166906|1215||||MINORISTAS|Bodega|||010101|19|08-NO DEFINIDO|Activo||
 LIMA.01.166906|1216||||MINORISTAS|Bodega|||010101|19|08-NO DEFINIDO|Activo||
 LIMA.01.166906|1217||||MINORISTAS|Bodega|||010101|19|08-NO DEFINIDO|Activo||
 LIMA.01.166906|1218||||MINORISTAS|Bodega|||010101|19|08-NO DEFINIDO|Activo||
 LIMA.01.166906|1219||||MINORISTAS|Bodega|||010101|19|08-NO DEFINIDO|Activo||
 LIMA.01.166906|1220||||MINORISTAS|Bodega|||010101|19|08-NO DEFINIDO|Activo||
 LIMA.01.166906|1221||||MINORISTAS|Bodega|||010101|19|08-NO DEFINIDO|Activo||
 LIMA.01.166906|1222||||MINORISTAS|Bodega|||010101|5|08-NO DEFINIDO|Activo||
 LIMA.01.166906|1223||||MINORISTAS|Bodega|||010101|19|08-NO DEFINIDO|Activo||
 LIMA.01.166906|1224||||MINORISTAS|Bodega|||010101|19|08-NO DEFINIDO|Activo||
 LIMA.01.166906|1225||||MINORISTAS|Bodega|||010101|19|08-NO DEFINIDO|Activo||
 LIMA.01.166906|1226||||MINORISTAS|Bodega|||010101|16|08-NO DEFINIDO|Activo||
 LIMA.01.166906|1227||||MINORISTAS|Bodega|||010101|19|08-NO DEFINIDO|Activo||
 LIMA.01.166906|1228||||MINORISTAS|Bodega|||010101|19|08-NO DEFINIDO|Activo||
 LIMA.01.166906|1229||||MINORISTAS|Bodega|||010101|19|08-NO DEFINIDO|Activo||
 LIMA.01.166906|1230||||MINORISTAS|Bodega|||010101|19|08-NO DEFINIDO|Activo||
 LIMA.01.166906|1231||||MINORISTAS|Bodega|||010101|19|08-NO DEFINIDO|Activo||
 LIMA.01.166906|1232||||MINORISTAS|Bodega|||010101|19|08-NO DEFINIDO|Activo||
 LIMA.01.166906|1233||||MINORISTAS|Bodega|||010101|19|08-NO DEFINIDO|Activo||
 LIMA.01.166906|1234||||MINORISTAS|Bodega|||010101|5|08-NO DEFINIDO|Activo||
 LIMA.01.166906|1235||||MINORISTAS|Bodega|||010101|5|08-NO DEFINIDO|Activo||
 LIMA.01.166906|1236||||MINORISTAS|Bodega|||010101|19|08-NO DEFINIDO|Activo||
 LIMA.01.166906|1237||||MINORISTAS|Bodega|||010101|16|08-NO DEFINIDO|Activo||
 LIMA.01.166906|1238||||MINORISTAS|Bodega|||010101|19|08-NO DEFINIDO|Activo||
 LIMA.01.166906|1239||||MINORISTAS|Bodega|||010101|19|08-NO DEFINIDO|Activo||
