 LIMA.01.166906|0001|CD NEGOCIOS|0001||0077|3|BOLSA|3|BOLSA
 LIMA.01.166906|0001|CD NEGOCIOS|0001||0180|6|BOLSA|6|BOLSA
 LIMA.01.166906|0001|CD NEGOCIOS|0001||0209|64|BOLSA|64|BOLSA
 LIMA.01.166906|0001|CD NEGOCIOS|0001||0313|224|BOLSA|224|BOLSA
 LIMA.01.166906|0001|CD NEGOCIOS|0001||0324|23|BOLSA|23|BOLSA
 LIMA.01.166906|0001|CD NEGOCIOS|0001||0140|0|CAJA|0|CAJA
 LIMA.01.166906|0001|CD NEGOCIOS|0001||0141|105|CAJA|105|CAJA
 LIMA.01.166906|0001|CD NEGOCIOS|0001||0142|0|CAJA|0|CAJA
 LIMA.01.166906|0001|CD NEGOCIOS|0001||0144|0|CAJA|0|CAJA
 LIMA.01.166906|0001|CD NEGOCIOS|0001||0146|200|CAJA|200|CAJA
 LIMA.01.166906|0001|CD NEGOCIOS|0001||0149|27|CAJA|27|CAJA
 LIMA.01.166906|0001|CD NEGOCIOS|0001||0150|37|CAJA|37|CAJA
 LIMA.01.166906|0001|CD NEGOCIOS|0001||0201|5|CAJA|5|CAJA
 LIMA.01.166906|0001|CD NEGOCIOS|0001||0211|17|CAJA|17|CAJA
 LIMA.01.166906|0001|CD NEGOCIOS|0001||0225|0|CAJA|0|CAJA
 LIMA.01.166906|0001|CD NEGOCIOS|0001||0316|0|CAJA|0|CAJA
 LIMA.01.166906|0001|CD NEGOCIOS|0001||0023|0|DISPLAY|0|DISPLAY
 LIMA.01.166906|0001|CD NEGOCIOS|0001||0217|0|DISPLAY|0|DISPLAY
 LIMA.01.166906|0001|CD NEGOCIOS|0001||0203|0|PACK|0|PACK
 LIMA.01.166906|0001|CD NEGOCIOS|0001||0229|27|PACK|27|PACK
 LIMA.01.166906|0001|CD NEGOCIOS|0001||0230|67|PACK|67|PACK
 LIMA.01.166906|0001|CD NEGOCIOS|0001||0231|99|PACK|99|PACK
 LIMA.01.166906|0001|CD NEGOCIOS|0001||0232|14|PACK|14|PACK
 LIMA.01.166906|0001|CD NEGOCIOS|0001||0233|28|PACK|28|PACK
 LIMA.01.166906|0001|CD NEGOCIOS|0001||0234|103|PACK|103|PACK
 LIMA.01.166906|0001|CD NEGOCIOS|0001||0235|5|PACK|5|PACK
 LIMA.01.166906|0001|CD NEGOCIOS|0001||0236|0|PACK|0|PACK
 LIMA.01.166906|0001|CD NEGOCIOS|0001||0237|298|PACK|298|PACK
 LIMA.01.166906|0001|CD NEGOCIOS|0001||0238|145|PACK|145|PACK
 LIMA.01.166906|0001|CD NEGOCIOS|0001||0239|150|PACK|150|PACK
 LIMA.01.166906|0001|CD NEGOCIOS|0001||0240|125|PACK|125|PACK
 LIMA.01.166906|0001|CD NEGOCIOS|0001||0241|91|PACK|91|PACK
 LIMA.01.166906|0001|CD NEGOCIOS|0001||0242|75|PACK|75|PACK
 LIMA.01.166906|0001|CD NEGOCIOS|0001||0243|144|PACK|144|PACK
 LIMA.01.166906|0001|CD NEGOCIOS|0001||0244|193|PACK|193|PACK
 LIMA.01.166906|0001|CD NEGOCIOS|0001||0245|283|PACK|283|PACK
 LIMA.01.166906|0001|CD NEGOCIOS|0001||0246|290|PACK|290|PACK
 LIMA.01.166906|0001|CD NEGOCIOS|0001||0247|180|PACK|180|PACK
 LIMA.01.166906|0001|CD NEGOCIOS|0001||0248|156|PACK|156|PACK
 LIMA.01.166906|0001|CD NEGOCIOS|0001||0251|96|PACK|96|PACK
 LIMA.01.166906|0001|CD NEGOCIOS|0001||0252|91|PACK|91|PACK
 LIMA.01.166906|0001|CD NEGOCIOS|0001||0253|492|PACK|492|PACK
 LIMA.01.166906|0001|CD NEGOCIOS|0001||0254|374|PACK|374|PACK
 LIMA.01.166906|0001|CD NEGOCIOS|0001||0256|249|PACK|249|PACK
 LIMA.01.166906|0001|CD NEGOCIOS|0001||0257|236|PACK|236|PACK
 LIMA.01.166906|0001|CD NEGOCIOS|0001||0258|393|PACK|393|PACK
 LIMA.01.166906|0001|CD NEGOCIOS|0001||0259|500|PACK|500|PACK
 LIMA.01.166906|0001|CD NEGOCIOS|0001||0260|495|PACK|495|PACK
 LIMA.01.166906|0001|CD NEGOCIOS|0001||0261|500|PACK|500|PACK
 LIMA.01.166906|0001|CD NEGOCIOS|0001||0262|496|PACK|496|PACK
 LIMA.01.166906|0001|CD NEGOCIOS|0001||0265|421|PACK|421|PACK
 LIMA.01.166906|0001|CD NEGOCIOS|0001||0266|498|PACK|498|PACK
 LIMA.01.166906|0001|CD NEGOCIOS|0001||0267|478|PACK|478|PACK
 LIMA.01.166906|0001|CD NEGOCIOS|0001||0268|406|PACK|406|PACK
 LIMA.01.166906|0001|CD NEGOCIOS|0001||0269|449|PACK|449|PACK
 LIMA.01.166906|0001|CD NEGOCIOS|0001||0270|463|PACK|463|PACK
 LIMA.01.166906|0001|CD NEGOCIOS|0001||0271|492|PACK|492|PACK
 LIMA.01.166906|0001|CD NEGOCIOS|0001||0272|480|PACK|480|PACK
 LIMA.01.166906|0001|CD NEGOCIOS|0001||0273|499|PACK|499|PACK
 LIMA.01.166906|0001|CD NEGOCIOS|0001||0274|500|PACK|500|PACK
 LIMA.01.166906|0001|CD NEGOCIOS|0001||0275|499|PACK|499|PACK
 LIMA.01.166906|0001|CD NEGOCIOS|0001||0276|499|PACK|499|PACK
 LIMA.01.166906|0001|CD NEGOCIOS|0001||0277|500|PACK|500|PACK
 LIMA.01.166906|0001|CD NEGOCIOS|0001||0278|499|PACK|499|PACK
 LIMA.01.166906|0001|CD NEGOCIOS|0001||0279|500|PACK|500|PACK
 LIMA.01.166906|0001|CD NEGOCIOS|0001||0280|500|PACK|500|PACK
 LIMA.01.166906|0001|CD NEGOCIOS|0001||0281|500|PACK|500|PACK
 LIMA.01.166906|0001|CD NEGOCIOS|0001||0282|498|PACK|498|PACK
 LIMA.01.166906|0001|CD NEGOCIOS|0001||0283|439|PACK|439|PACK
 LIMA.01.166906|0001|CD NEGOCIOS|0001||0284|495|PACK|495|PACK
 LIMA.01.166906|0001|CD NEGOCIOS|0001||0285|496|PACK|496|PACK
 LIMA.01.166906|0001|CD NEGOCIOS|0001||0286|500|PACK|500|PACK
 LIMA.01.166906|0001|CD NEGOCIOS|0001||0287|496|PACK|496|PACK
 LIMA.01.166906|0001|CD NEGOCIOS|0001||0289|476|PACK|476|PACK
 LIMA.01.166906|0001|CD NEGOCIOS|0001||0290|0|PACK|0|PACK
 LIMA.01.166906|0001|CD NEGOCIOS|0001||0291|341|PACK|341|PACK
 LIMA.01.166906|0001|CD NEGOCIOS|0001||0292|819|PACK|819|PACK
 LIMA.01.166906|0001|CD NEGOCIOS|0001||0293|860|PACK|860|PACK
 LIMA.01.166906|0001|CD NEGOCIOS|0001||0294|983|PACK|983|PACK
 LIMA.01.166906|0001|CD NEGOCIOS|0001||0295|971|PACK|971|PACK
 LIMA.01.166906|0001|CD NEGOCIOS|0001||0296|998|PACK|998|PACK
 LIMA.01.166906|0001|CD NEGOCIOS|0001||0297|991|PACK|991|PACK
 LIMA.01.166906|0001|CD NEGOCIOS|0001||0298|1000|PACK|1000|PACK
 LIMA.01.166906|0001|CD NEGOCIOS|0001||0299|983|PACK|983|PACK
 LIMA.01.166906|0001|CD NEGOCIOS|0001||0300|989|PACK|989|PACK
 LIMA.01.166906|0001|CD NEGOCIOS|0001||0301|972|PACK|972|PACK
 LIMA.01.166906|0001|CD NEGOCIOS|0001||0302|995|PACK|995|PACK
 LIMA.01.166906|0001|CD NEGOCIOS|0001||0303|990|PACK|990|PACK
 LIMA.01.166906|0001|CD NEGOCIOS|0001||0304|996|PACK|996|PACK
 LIMA.01.166906|0001|CD NEGOCIOS|0001||0305|990|PACK|990|PACK
 LIMA.01.166906|0001|CD NEGOCIOS|0001||0310|997|PACK|997|PACK
 LIMA.01.166906|0001|CD NEGOCIOS|0001||0311|996|PACK|996|PACK
 LIMA.01.166906|0001|CD NEGOCIOS|0001||0312|488|PACK|488|PACK
 LIMA.01.166906|0001|CD NEGOCIOS|0001||0315|931|PACK|931|PACK
 LIMA.01.166906|0001|CD NEGOCIOS|0001||0319|992|PACK|992|PACK
 LIMA.01.166906|0001|CD NEGOCIOS|0001||0320|998|PACK|998|PACK
 LIMA.01.166906|0001|CD NEGOCIOS|0001||0321|990|PACK|990|PACK
 LIMA.01.166906|0001|CD NEGOCIOS|0001||0325|12|PACK|12|PACK
 LIMA.01.166906|0001|CD NEGOCIOS|0001||0027|62|PLANCHA|62|PLANCHA
 LIMA.01.166906|0001|CD NEGOCIOS|0001||0028|0|PLANCHA|0|PLANCHA
 LIMA.01.166906|0001|CD NEGOCIOS|0001||0030|0|PLANCHA|0|PLANCHA
 LIMA.01.166906|0001|CD NEGOCIOS|0001||0031|36|PLANCHA|36|PLANCHA
 LIMA.01.166906|0001|CD NEGOCIOS|0001||0032|2708|PLANCHA|2708|PLANCHA
 LIMA.01.166906|0001|CD NEGOCIOS|0001||0033|1259|PLANCHA|1259|PLANCHA
 LIMA.01.166906|0001|CD NEGOCIOS|0001||0034|0|PLANCHA|0|PLANCHA
 LIMA.01.166906|0001|CD NEGOCIOS|0001||0036|0|PLANCHA|0|PLANCHA
 LIMA.01.166906|0001|CD NEGOCIOS|0001||0039|0|PLANCHA|0|PLANCHA
 LIMA.01.166906|0001|CD NEGOCIOS|0001||0040|0|PLANCHA|0|PLANCHA
 LIMA.01.166906|0001|CD NEGOCIOS|0001||0041|0|PLANCHA|0|PLANCHA
 LIMA.01.166906|0001|CD NEGOCIOS|0001||0043|0|PLANCHA|0|PLANCHA
 LIMA.01.166906|0001|CD NEGOCIOS|0001||0044|2653|PLANCHA|2653|PLANCHA
 LIMA.01.166906|0001|CD NEGOCIOS|0001||0046|788|PLANCHA|788|PLANCHA
 LIMA.01.166906|0001|CD NEGOCIOS|0001||0048|0|PLANCHA|0|PLANCHA
 LIMA.01.166906|0001|CD NEGOCIOS|0001||0050|14|PLANCHA|14|PLANCHA
 LIMA.01.166906|0001|CD NEGOCIOS|0001||0051|0|PLANCHA|0|PLANCHA
 LIMA.01.166906|0001|CD NEGOCIOS|0001||0054|1117|PLANCHA|1117|PLANCHA
 LIMA.01.166906|0001|CD NEGOCIOS|0001||0055|0|PLANCHA|0|PLANCHA
 LIMA.01.166906|0001|CD NEGOCIOS|0001||0057|0|PLANCHA|0|PLANCHA
 LIMA.01.166906|0001|CD NEGOCIOS|0001||0058|1502|PLANCHA|1502|PLANCHA
 LIMA.01.166906|0001|CD NEGOCIOS|0001||0059|0|PLANCHA|0|PLANCHA
 LIMA.01.166906|0001|CD NEGOCIOS|0001||0062|822|PLANCHA|822|PLANCHA
 LIMA.01.166906|0001|CD NEGOCIOS|0001||0065|315|PLANCHA|315|PLANCHA
 LIMA.01.166906|0001|CD NEGOCIOS|0001||0070|68|PLANCHA|68|PLANCHA
 LIMA.01.166906|0001|CD NEGOCIOS|0001||0071|21|PLANCHA|21|PLANCHA
 LIMA.01.166906|0001|CD NEGOCIOS|0001||0072|0|PLANCHA|0|PLANCHA
 LIMA.01.166906|0001|CD NEGOCIOS|0001||0091|0|PLANCHA|0|PLANCHA
 LIMA.01.166906|0001|CD NEGOCIOS|0001||0094|0|PLANCHA|0|PLANCHA
 LIMA.01.166906|0001|CD NEGOCIOS|0001||0096|0|PLANCHA|0|PLANCHA
 LIMA.01.166906|0001|CD NEGOCIOS|0001||0097|6|PLANCHA|6|PLANCHA
 LIMA.01.166906|0001|CD NEGOCIOS|0001||0098|3|PLANCHA|3|PLANCHA
 LIMA.01.166906|0001|CD NEGOCIOS|0001||0103|0|PLANCHA|0|PLANCHA
 LIMA.01.166906|0001|CD NEGOCIOS|0001||0105|19|PLANCHA|19|PLANCHA
 LIMA.01.166906|0001|CD NEGOCIOS|0001||0108|0|PLANCHA|0|PLANCHA
 LIMA.01.166906|0001|CD NEGOCIOS|0001||0109|0|PLANCHA|0|PLANCHA
 LIMA.01.166906|0001|CD NEGOCIOS|0001||0110|0|PLANCHA|0|PLANCHA
 LIMA.01.166906|0001|CD NEGOCIOS|0001||0112|0|PLANCHA|0|PLANCHA
 LIMA.01.166906|0001|CD NEGOCIOS|0001||0113|0|PLANCHA|0|PLANCHA
 LIMA.01.166906|0001|CD NEGOCIOS|0001||0115|0|PLANCHA|0|PLANCHA
 LIMA.01.166906|0001|CD NEGOCIOS|0001||0116|0|PLANCHA|0|PLANCHA
 LIMA.01.166906|0001|CD NEGOCIOS|0001||0128|20|PLANCHA|20|PLANCHA
 LIMA.01.166906|0001|CD NEGOCIOS|0001||0130|0|PLANCHA|0|PLANCHA
 LIMA.01.166906|0001|CD NEGOCIOS|0001||0131|0|PLANCHA|0|PLANCHA
 LIMA.01.166906|0001|CD NEGOCIOS|0001||0132|0|PLANCHA|0|PLANCHA
 LIMA.01.166906|0001|CD NEGOCIOS|0001||0133|22|PLANCHA|22|PLANCHA
 LIMA.01.166906|0001|CD NEGOCIOS|0001||0151|98|PLANCHA|98|PLANCHA
 LIMA.01.166906|0001|CD NEGOCIOS|0001||0152|0|PLANCHA|0|PLANCHA
 LIMA.01.166906|0001|CD NEGOCIOS|0001||0153|0|PLANCHA|0|PLANCHA
 LIMA.01.166906|0001|CD NEGOCIOS|0001||0154|0|PLANCHA|0|PLANCHA
 LIMA.01.166906|0001|CD NEGOCIOS|0001||0161|607|PLANCHA|607|PLANCHA
 LIMA.01.166906|0001|CD NEGOCIOS|0001||0162|298|PLANCHA|298|PLANCHA
 LIMA.01.166906|0001|CD NEGOCIOS|0001||0163|123|PLANCHA|123|PLANCHA
 LIMA.01.166906|0001|CD NEGOCIOS|0001||0165|111|PLANCHA|111|PLANCHA
 LIMA.01.166906|0001|CD NEGOCIOS|0001||0167|538|PLANCHA|538|PLANCHA
 LIMA.01.166906|0001|CD NEGOCIOS|0001||0169|87|PLANCHA|87|PLANCHA
 LIMA.01.166906|0001|CD NEGOCIOS|0001||0170|128|PLANCHA|128|PLANCHA
 LIMA.01.166906|0001|CD NEGOCIOS|0001||0171|386|PLANCHA|386|PLANCHA
 LIMA.01.166906|0001|CD NEGOCIOS|0001||0172|412|PLANCHA|412|PLANCHA
 LIMA.01.166906|0001|CD NEGOCIOS|0001||0173|247|PLANCHA|247|PLANCHA
 LIMA.01.166906|0001|CD NEGOCIOS|0001||0174|401|PLANCHA|401|PLANCHA
 LIMA.01.166906|0001|CD NEGOCIOS|0001||0175|795|PLANCHA|795|PLANCHA
 LIMA.01.166906|0001|CD NEGOCIOS|0001||0176|1016|PLANCHA|1016|PLANCHA
 LIMA.01.166906|0001|CD NEGOCIOS|0001||0177|42|PLANCHA|42|PLANCHA
 LIMA.01.166906|0001|CD NEGOCIOS|0001||0178|259|PLANCHA|259|PLANCHA
 LIMA.01.166906|0001|CD NEGOCIOS|0001||0179|0|PLANCHA|0|PLANCHA
 LIMA.01.166906|0001|CD NEGOCIOS|0001||0181|50|PLANCHA|50|PLANCHA
 LIMA.01.166906|0001|CD NEGOCIOS|0001||0182|133|PLANCHA|133|PLANCHA
 LIMA.01.166906|0001|CD NEGOCIOS|0001||0183|219|PLANCHA|219|PLANCHA
 LIMA.01.166906|0001|CD NEGOCIOS|0001||0184|220|PLANCHA|220|PLANCHA
 LIMA.01.166906|0001|CD NEGOCIOS|0001||0190|0|PLANCHA|0|PLANCHA
 LIMA.01.166906|0001|CD NEGOCIOS|0001||0192|500|PLANCHA|500|PLANCHA
 LIMA.01.166906|0001|CD NEGOCIOS|0001||0193|336|PLANCHA|336|PLANCHA
 LIMA.01.166906|0001|CD NEGOCIOS|0001||0194|0|PLANCHA|0|PLANCHA
 LIMA.01.166906|0001|CD NEGOCIOS|0001||0196|0|PLANCHA|0|PLANCHA
 LIMA.01.166906|0001|CD NEGOCIOS|0001||0198|150|PLANCHA|150|PLANCHA
 LIMA.01.166906|0001|CD NEGOCIOS|0001||0204|0|PLANCHA|0|PLANCHA
 LIMA.01.166906|0001|CD NEGOCIOS|0001||0205|0|PLANCHA|0|PLANCHA
 LIMA.01.166906|0001|CD NEGOCIOS|0001||0207|2066|PLANCHA|2066|PLANCHA
 LIMA.01.166906|0001|CD NEGOCIOS|0001||0208|522|PLANCHA|522|PLANCHA
 LIMA.01.166906|0001|CD NEGOCIOS|0001||0210|2|PLANCHA|2|PLANCHA
 LIMA.01.166906|0001|CD NEGOCIOS|0001||0212|934|PLANCHA|934|PLANCHA
 LIMA.01.166906|0001|CD NEGOCIOS|0001||0214|0|PLANCHA|0|PLANCHA
 LIMA.01.166906|0001|CD NEGOCIOS|0001||0215|0|PLANCHA|0|PLANCHA
 LIMA.01.166906|0001|CD NEGOCIOS|0001||0216|0|PLANCHA|0|PLANCHA
 LIMA.01.166906|0001|CD NEGOCIOS|0001||0218|1229|PLANCHA|1229|PLANCHA
 LIMA.01.166906|0001|CD NEGOCIOS|0001||0219|53|PLANCHA|53|PLANCHA
 LIMA.01.166906|0001|CD NEGOCIOS|0001||0220|33|PLANCHA|33|PLANCHA
 LIMA.01.166906|0001|CD NEGOCIOS|0001||0221|5533|PLANCHA|5533|PLANCHA
 LIMA.01.166906|0001|CD NEGOCIOS|0001||0223|0|PLANCHA|0|PLANCHA
 LIMA.01.166906|0001|CD NEGOCIOS|0001||0226|121|PLANCHA|121|PLANCHA
 LIMA.01.166906|0001|CD NEGOCIOS|0001||0227|62|PLANCHA|62|PLANCHA
 LIMA.01.166906|0001|CD NEGOCIOS|0001||0228|45|PLANCHA|45|PLANCHA
 LIMA.01.166906|0001|CD NEGOCIOS|0001||0249|35|PLANCHA|35|PLANCHA
 LIMA.01.166906|0001|CD NEGOCIOS|0001||0250|36|PLANCHA|36|PLANCHA
 LIMA.01.166906|0001|CD NEGOCIOS|0001||0263|71|PLANCHA|71|PLANCHA
 LIMA.01.166906|0001|CD NEGOCIOS|0001||0264|450|PLANCHA|450|PLANCHA
 LIMA.01.166906|0001|CD NEGOCIOS|0001||0288|0|PLANCHA|0|PLANCHA
 LIMA.01.166906|0001|CD NEGOCIOS|0001||0306|207|PLANCHA|207|PLANCHA
 LIMA.01.166906|0001|CD NEGOCIOS|0001||0307|480|PLANCHA|480|PLANCHA
 LIMA.01.166906|0001|CD NEGOCIOS|0001||0308|655|PLANCHA|655|PLANCHA
 LIMA.01.166906|0001|CD NEGOCIOS|0001||0309|780|PLANCHA|780|PLANCHA
 LIMA.01.166906|0001|CD NEGOCIOS|0001||0317|278|PLANCHA|278|PLANCHA
 LIMA.01.166906|0001|CD NEGOCIOS|0001||0318|448|PLANCHA|448|PLANCHA
 LIMA.01.166906|0001|CD NEGOCIOS|0001||0323|97|PLANCHA|97|PLANCHA
 LIMA.01.166906|0001|CD NEGOCIOS|0001||0255|6|BOTELLA|6|BOTELLA
 LIMA.01.166906|0001|CD NEGOCIOS|0001||0322|549|BOTELLA|549|BOTELLA
