 LIMA.01.166906|0001|Mario||||
 LIMA.01.166906|0002|VERONICA DIAZ||||
 LIMA.01.166906|0003|CESAR DIAZ||||
 LIMA.01.166906|0004|MARIELA DIAZ||||
 LIMA.01.166906|0005|LUIS ENRIQUE SANCHEZ||||
 LIMA.01.166906|0006|JHON||||
 LIMA.01.166906|0007|jairo||||
 LIMA.01.166906|0008|MANUEL ORUMA PAPA||||
 LIMA.01.166906|0009|oficina||||
 LIMA.01.166906|0010|CHOFER AUXILIAR||||
 LIMA.01.166906|0011|IVAN||||
 LIMA.01.166906|0012|NIXON||||
 LIMA.01.166906|0013|JUAN CALERO||||
 LIMA.01.166906|0014|LUIGI GEUSSEPPE DIAZ||||
 LIMA.01.166906|0015|LUIGI DIAZ||||
 LIMA.01.166906|0016|CARLOS BRITO||||
 LIMA.01.166906|0017|MILAGROS JAMBO SALCEDO||||
 LIMA.01.166906|0018|VALERIA MANAYAY||||
 LIMA.01.166906|0019|MACIA LOPEZ MICHELLE YOSMARY||||
