CUZCO.01-1.11172|01|ERROR EN PEDIDO
CUZCO.01-1.11172|02|NO HIZO PEDIDO
CUZCO.01-1.11172|03|SIN DINERO
CUZCO.01-1.11172|04|SIN STOCK EN ALMACEN
CUZCO.01-1.11172|05|CERRADO
CUZCO.01-1.11172|06|DEVOLUCION 100%
CUZCO.01-1.11172|07|PRODUCTO VENCIDO de 1 a 90 dias
CUZCO.01-1.11172|08|ERROR  DE IMPRESION
CUZCO.01-1.11172|09|SIN FECHA DE VENCIMIENTO
CUZCO.01-1.11172|10|ACUERDOS COMERCIALES
CUZCO.01-1.11172|11|UNIDADES INCOMPLETAS
CUZCO.01-1.11172|12|PRODUCTO VENCIDO DE 91 A 365
CUZCO.01-1.11172|13|PRODUCTO VENCIDO MAYORISTA
CUZCO.01-1.11172|14|DT CERRADO
CUZCO.01-1.11172|15|DT ERROR EN PEDIDO
CUZCO.01-1.11172|16|DT SIN DINERO
CUZCO.01-1.11172|17|DT NO HIZO PEDIDO
CUZCO.01-1.11172|18|DT DIRECCION INCORRECTA
CUZCO.01-1.11172|19|REFACTURACION
CUZCO.01-1.11172|20|DT. DUPLICADO
CUZCO.01-1.11172|21|PAROS Y DESASTRES NATURALES
CUZCO.01-1.11172|22|FECHA CORTA , PRECIO CARO
CUZCO.01-1.11172|23|PRODUCTOS VENCIDOS UNL.
CUZCO.01-1.11172|24|ANULACION DE LA OPERACION
CUZCO.01-1.11172|25|PRODUCTO VENCIDO AASS.
CUZCO.02-1.11172|01|ERROR EN PEDIDO
CUZCO.02-1.11172|02|NO HIZO PEDIDO
CUZCO.02-1.11172|03|SIN DINERO
CUZCO.02-1.11172|04|SIN STOCK EN ALMACEN
CUZCO.02-1.11172|05|CERRADO
CUZCO.02-1.11172|06|DEVOLUCION 100%
CUZCO.02-1.11172|07|PRODUCTO VENCIDO de 1 a 90 dias
CUZCO.02-1.11172|08|ERROR  DE IMPRESION
CUZCO.02-1.11172|09|SIN FECHA DE VENCIMIENTO
CUZCO.02-1.11172|10|ACUERDOS COMERCIALES
CUZCO.02-1.11172|11|UNIDADES INCOMPLETAS
CUZCO.02-1.11172|12|PRODUCTO VENCIDO DE 91 A 365
CUZCO.02-1.11172|13|PRODUCTO VENCIDO MAYORISTA
CUZCO.02-1.11172|14|DT CERRADO
CUZCO.02-1.11172|15|DT ERROR EN PEDIDO
CUZCO.02-1.11172|16|DT SIN DINERO
CUZCO.02-1.11172|17|DT NO HIZO PEDIDO
CUZCO.02-1.11172|18|DT DIRECCION INCORRECTA
CUZCO.02-1.11172|19|REFACTURACION
CUZCO.02-1.11172|20|DT. DUPLICADO
CUZCO.02-1.11172|21|PAROS Y DESASTRES NATURALES
CUZCO.02-1.11172|22|FECHA CORTA , PRECIO CARO
CUZCO.02-1.11172|23|PRODUCTOS VENCIDOS UNL.
CUZCO.02-1.11172|24|ANULACION DE LA OPERACION
CUZCO.02-1.11172|25|PRODUCTO VENCIDO AASS.
CUZCO.03-2.11172|01|ERROR EN PEDIDO
CUZCO.03-2.11172|02|NO HIZO PEDIDO
CUZCO.03-2.11172|03|SIN DINERO
CUZCO.03-2.11172|04|SIN STOCK EN ALMACEN
CUZCO.03-2.11172|05|CERRADO
CUZCO.03-2.11172|06|DEVOLUCION 100%
CUZCO.03-2.11172|07|PRODUCTO VENCIDO de 1 a 90 dias
CUZCO.03-2.11172|08|ERROR  DE IMPRESION
CUZCO.03-2.11172|09|SIN FECHA DE VENCIMIENTO
CUZCO.03-2.11172|10|ACUERDOS COMERCIALES
CUZCO.03-2.11172|11|UNIDADES INCOMPLETAS
CUZCO.03-2.11172|12|PRODUCTO VENCIDO DE 91 A 365
CUZCO.03-2.11172|13|PRODUCTO VENCIDO MAYORISTA
CUZCO.03-2.11172|14|DT CERRADO
CUZCO.03-2.11172|15|DT ERROR EN PEDIDO
CUZCO.03-2.11172|16|DT SIN DINERO
CUZCO.03-2.11172|17|DT NO HIZO PEDIDO
CUZCO.03-2.11172|18|DT DIRECCION INCORRECTA
CUZCO.03-2.11172|19|REFACTURACION
CUZCO.03-2.11172|20|DT. DUPLICADO
CUZCO.03-2.11172|21|PAROS Y DESASTRES NATURALES
CUZCO.03-2.11172|22|FECHA CORTA , PRECIO CARO
CUZCO.03-2.11172|23|PRODUCTOS VENCIDOS UNL.
CUZCO.03-2.11172|24|ANULACION DE LA OPERACION
CUZCO.03-2.11172|25|PRODUCTO VENCIDO AASS.
