CUZCO.02-1.11172|000012|QUISPE MIGUEL ANGEL||000012||
CUZCO.02-1.11172|000019|PEREZ VICTOR HUGO||000019||
CUZCO.02-1.11172|000025|MIRANDA ROSMERY||000025||
CUZCO.02-1.11172|000031|HUAMAN ERIKA||000031||
CUZCO.02-1.11172|000032|XHUALLPA SUTA XRAPFAHEEL (QUILLA)||000032||
CUZCO.02-1.11172|000033|GONZALES ROLANDO||000033||
CUZCO.02-1.11172|000045|PEDRAZA CEFERINO||000045||
CUZCO.02-1.11172|000050|XXXQUISPE QUISPE||000050||
CUZCO.02-1.11172|000051|XXXAPARICIO XXXAPARICI||000051||
CUZCO.02-1.11172|000052|XXCANAL BACA XXCANAL||000052||
CUZCO.02-1.11172|000054|AGENTES AGENTES||000054||
CUZCO.02-1.11172|000055|555 MARIACA(CUSCO) ROGER||000055||
CUZCO.02-1.11172|000056|XXXXXPEDRAZA (CURAHUASI) PEDRAZA||000056||
CUZCO.02-1.11172|000057|PEDRAZA CEFERINO||000057||
CUZCO.02-1.11172|000058|VARGAS FRANKLIN||000058||
CUZCO.02-1.11172|000068|LOAYZA LIZZET||000068||
CUZCO.02-1.11172|000069|XPEDRAZA O. XCEFERINO (ABANCAY)||000069||
CUZCO.02-1.11172|000070|XPEDRAZA O. XCEFERINO (QUILLA)||000070||
CUZCO.02-1.11172|000071|HANAMPA RONAL||000071||
CUZCO.02-1.11172|000072|555 SANCHEZ IVAN RUDY||000072||
CUZCO.02-1.11172|000073|CHAVEZ (MAYORISTA) ELIAS||000073||
CUZCO.02-1.11172|000074|VERA MORA OLGA||000074||
CUZCO.02-1.11172|000075|CHOQUECAHUA EDITH VICTORIA||000075||
CUZCO.02-1.11172|000076|VILLA RICARDO||000076||
CUZCO.02-1.11172|000077|PARI MANUEL||000077||
CUZCO.02-1.11172|000078|ARAGON MONGE RAMSES||001376||
CUZCO.02-1.11172|000079|BARRA RAÚL||001376||
CUZCO.02-1.11172|000080|VIDAL CATALAN RUSSEL||001376||
CUZCO.02-1.11172|000081|SAIRE USCAPI COBILLS||000081||
CUZCO.02-1.11172|000082|POBLETE KILMER||000082||
CUZCO.02-1.11172|000083|FARFAN SORIA YESIBEL||000083||
CUZCO.02-1.11172|000084|SALAS ALBERTICO||000084||
CUZCO.02-1.11172|000085|SANCHEZ LIPA IVAN RUDY||000085||
CUZCO.02-1.11172|000087|XXXAPARICIO XXXAPARICIO||000087||
CUZCO.02-1.11172|000088|XXXCAQUI XXXCAQUI||000088||
CUZCO.02-1.11172|000090|PROVISION PROVISION||000090||
CUZCO.02-1.11172|000091|ORTEGA ENRIQUE||000091||
CUZCO.02-1.11172|000092|PERZ(SICUANI) HUGO||000092||
CUZCO.02-1.11172|000094|NINANTAY ARTURO||001376||
CUZCO.02-1.11172|000095|MARIACA ROGER MAPI||001376||
CUZCO.02-1.11172|000099|VENTA MOSTRADOR||000099||
CUZCO.02-1.11172|000100|VILLA ERMOGENES||000100||
CUZCO.02-1.11172|000101|LLANCAY FRESIA||000101||
CUZCO.02-1.11172|000108|XXXMATHEUS HEPSIBAXXX||000108||
CUZCO.02-1.11172|000109|XXX HUALLPA GUIDOXXX||000109||
CUZCO.02-1.11172|000110|XXXCAMPOS JOSE L.XXX||000110||
CUZCO.02-1.11172|000111|PROVISIONES INCOBRABLES||000111||
CUZCO.02-1.11172|000112|VENDEDOR VENDEDOR||000112||
CUZCO.02-1.11172|000113|CHAVEZ ELIAS||000113||
CUZCO.02-1.11172|000116|XXPEDRAZA O. (SIC) CEFERINO||000116||
CUZCO.02-1.11172|000121|XXXAPARICIO X||000121||
CUZCO.02-1.11172|000130|SANCHEZ TORRES OMAR||000130||
CUZCO.02-1.11172|000136|XXCANAZAXX RODOLFO||001360||
CUZCO.02-1.11172|000140|UGARTE GISELA||000140||
CUZCO.02-1.11172|000148|PIZANGO RUTH||000148||
CUZCO.02-1.11172|000150|MONTEAGUDO RUIZ ANIBAL||000150||
CUZCO.02-1.11172|000151|MOSTRADOR VENTA||000151||
CUZCO.02-1.11172|000162|PINELO (AUTOSERVICIOS) ROGER||000162||
CUZCO.02-1.11172|000164|ROMERO PERCY||000164||
CUZCO.02-1.11172|000165|AYQUIPA OSCAR||000165||
CUZCO.02-1.11172|000166|HUAMAN PERCY DENNIS||000166||
CUZCO.02-1.11172|000167|LLANCAY QUISPE FRESIA||000167||
CUZCO.02-1.11172|000168|HUAMAN PERCY DENNIS||000168||
CUZCO.02-1.11172|000169|SALAS ALBERTICO(CHALLHUA)||000169||
CUZCO.02-1.11172|000172|QUISPE MIGUEL ANGEL||000172||
CUZCO.02-1.11172|000173|QUISPE MIGUEL ANGEL||000173||
CUZCO.02-1.11172|000174|PRADO DE LA CRUZ OSCAR||000174||
CUZCO.02-1.11172|000175|GUEVARA FARFAN ROGER||000175||
CUZCO.02-1.11172|000177|MOGROVEJO CARLOS||000177||
CUZCO.02-1.11172|000178|MOGROVEJO CARLOS||000178||
CUZCO.02-1.11172|000179|CANAL DENNIS||000179||
CUZCO.02-1.11172|000180|AYQUIPA OSCAR||000180||
CUZCO.02-1.11172|000181|GAMARRA OSCAR||000181||
CUZCO.02-1.11172|000182|SALAS WILIAM||000182||
CUZCO.02-1.11172|000183|GAMARRA OSCAR||000183||
CUZCO.02-1.11172|000184|ARAGON RAMSES(SANTOTO)||000184||
CUZCO.02-1.11172|000185|GAMARRA OSCAR||000185||
CUZCO.02-1.11172|000186|CHOQUEHUANCA YANET||000186||
CUZCO.02-1.11172|000187|POCCO (CALETEO) GENRI||000187||
CUZCO.02-1.11172|000188|CHOQUEHUANCA YANET||000188||
CUZCO.02-1.11172|000189|ARISSON SONCCO FRANCO||000189||
CUZCO.02-1.11172|000201|SANCHEZ OMAR||000201||
CUZCO.02-1.11172|000202|VIDAL RUSSEL||000202||
CUZCO.02-1.11172|000203|HUAMAN ERIKA||000203||
CUZCO.02-1.11172|000204|SANCHEZ OMAR||000204||
CUZCO.02-1.11172|000205|VELASCO SONCCO CRISTIAN||000205||
CUZCO.02-1.11172|000206|QUISPE FRANKLIN||000206||
CUZCO.02-1.11172|000207|SUMA RAMIRO||000207||
CUZCO.02-1.11172|000208|VIDAL RUSSEL||000208||
CUZCO.02-1.11172|000209|GUTIERREZ CARLOS EDSON||000209||
CUZCO.02-1.11172|000210|PINELO(MAYORISTA) ROGER||000210||
CUZCO.02-1.11172|000211|HUAMAN ERIKA||000211||
CUZCO.02-1.11172|000212|SORIA DAVALOS MARTHA||000212||
CUZCO.02-1.11172|000213|HUAMAN ROSARIO||000213||
CUZCO.02-1.11172|000214|VIDAL RUSSEL||000214||
CUZCO.02-1.11172|000320|BAJA BAJA||000320||
CUZCO.02-1.11172|000700|XPEDRAZA O. XPEDRAZA||000700||
CUZCO.02-1.11172|000990|VENTA MOSTRADORS||000990||
CUZCO.02-1.11172|000999|VENDEDOR PLAZATODO||000999||
CUZCO.02-1.11172|001120|MOSTRADOR VENTA (TEMP)||001120||
CUZCO.02-1.11172|001130|XXXRAFAEL ORDOÑEZ (AUTOVENTAS KRAFT)||001130||
CUZCO.02-1.11172|001360|XXXCANAZA X||000136||
CUZCO.02-1.11172|001373|CHAVEZ (AUTOSERRVICIOS) ELIAS||001373||
CUZCO.02-1.11172|001375|SOTO MANUEL||001375||
CUZCO.02-1.11172|001376|KRAFT OFICINA||001376||
CUZCO.02-1.11172|100012|||000012||
CUZCO.02-1.11172|100019|||000019||
CUZCO.02-1.11172|100025|. 100025||000025||
CUZCO.02-1.11172|100031|. 100031||000031||
CUZCO.02-1.11172|100033|. 100033||000033||
CUZCO.02-1.11172|100045|||000045||
CUZCO.02-1.11172|100055|||000055||
CUZCO.02-1.11172|100057|||000057||
CUZCO.02-1.11172|100058|||000058||
CUZCO.02-1.11172|100068|||000068||
CUZCO.02-1.11172|100071|. 100071||000071||
CUZCO.02-1.11172|100073|||000073||
CUZCO.02-1.11172|100074|. 100074||000074||
CUZCO.02-1.11172|100075|. 100075||000075||
CUZCO.02-1.11172|100076|. 100076||000076||
CUZCO.02-1.11172|100077|. 100077||000077||
CUZCO.02-1.11172|100078|. 100078||001376||
CUZCO.02-1.11172|100079|. 100079||001376||
CUZCO.02-1.11172|100080|. 100080||001376||
CUZCO.02-1.11172|100081|. 100081||000081||
CUZCO.02-1.11172|100082|. 100082||000082||
CUZCO.02-1.11172|100083|. 100083||000083||
CUZCO.02-1.11172|100084|. 100084||000084||
CUZCO.02-1.11172|100085|. 100085||000085||
CUZCO.02-1.11172|100091|. 100091||000091||
CUZCO.02-1.11172|100094|. 100094||001376||
CUZCO.02-1.11172|100095|||000095||
CUZCO.02-1.11172|100099|||000099||
CUZCO.02-1.11172|100100|. 100100||000100||
CUZCO.02-1.11172|100101|||000101||
CUZCO.02-1.11172|100130|. 100130||000130||
CUZCO.02-1.11172|100140|. 100140||000140||
CUZCO.02-1.11172|100150|. 100150||000150||
CUZCO.02-1.11172|100162|||000162||
CUZCO.02-1.11172|100168|. 100168||000168||
CUZCO.02-1.11172|100169|. 100169||000169||
CUZCO.02-1.11172|100172|. 100172||000172||
CUZCO.02-1.11172|100173|||000173||
CUZCO.02-1.11172|100174|. 100174||000174||
CUZCO.02-1.11172|100175|. 100175||000175||
CUZCO.02-1.11172|100177|. 100177||000177||
CUZCO.02-1.11172|100178|||000178||
CUZCO.02-1.11172|100180|. 100180||000180||
CUZCO.02-1.11172|100182|. 100182||000182||
CUZCO.02-1.11172|100189|. 100189||000189||
CUZCO.02-1.11172|100205|||000205||
CUZCO.02-1.11172|100206|. 100206||000206||
CUZCO.02-1.11172|100207|||000207||
CUZCO.02-1.11172|100209|. 100209||000209||
CUZCO.02-1.11172|100210|||000210||
CUZCO.02-1.11172|100213|. 100213||000213||
