LIMA.01.166880|0001|MARIO||||
LIMA.01.166880|0002|ORLANDO ANGULO||||
LIMA.01.166880|0003|MOISES PEREDA||||
LIMA.01.166880|0004|PORFIRIO GAVIDIA||||
LIMA.01.166880|0005|ALEX ZAVALA||||
LIMA.01.166880|0006|FEDERICO ROSAS||||
LIMA.01.166880|0007|DARIO ROQUE||||
LIMA.01.166880|0008|SANTOS SILVA||||
LIMA.01.166880|0009|BILL AYALA||||
LIMA.01.166880|0010|SEGUNDO ALVARADO||||
LIMA.01.166880|0011|EDUARDO RODRIGUEZ||||
LIMA.01.166880|0012|ISMAEL TOCTO||||
LIMA.01.166880|0013|FABIOLA CERVANTES||||
LIMA.01.166880|0014|FRANK GOMEZ||||
LIMA.01.166880|0015|KELVIN PALACIN||||
LIMA.01.166880|0016|CESAR DIAZ||||
LIMA.01.166880|0017|AURORA ||||
LIMA.01.166880|0018|MILTON LEON||||
LIMA.01.166880|0019|FABIOLA CERVA||||
LIMA.01.166880|0020|CERVANTES FABIOLA||||
LIMA.01.166880|0021|JAVIER YESQUEN||||
LIMA.01.166880|0022|Felipe||||
LIMA.01.166880|0023|VALERIA MANAYAY||||
LIMA.01.166880|0024|LUIGI DIAZ||||
